date,match_title,set,duration,url,gameid,url_timeline,url_video,yt_link,start_time,is_paused,pause_start(ingame),pause_end(video)
250402,DRX vs DNF,1,35:45,https://gol.gg//game/stats/65431/page-summary/,65431,https://gol.gg/game/stats/65431/page-timeline/,https://www.youtube.com/watch?v=0tNQMrL_Sqg,https://www.youtube.com/watch?v=0tNQMrL_Sqg,3:16:29,,,
250402,DRX vs DNF,2,28:29,https://gol.gg//game/stats/65431/page-summary/,65432,https://gol.gg/game/stats/65432/page-timeline/,https://www.youtube.com/watch?v=0tNQMrL_Sqg,https://www.youtube.com/watch?v=0tNQMrL_Sqg,4:16:09,,,
250402,HLE vs GEN,1,28:31,https://gol.gg//game/stats/65428/page-summary/,65428,https://gol.gg/game/stats/65428/page-timeline/,https://www.youtube.com/watch?v=0tNQMrL_Sqg,https://www.youtube.com/watch?v=0tNQMrL_Sqg,1:10:48,,,
250402,HLE vs GEN,2,29:10,https://gol.gg//game/stats/65428/page-summary/,65429,https://gol.gg/game/stats/65429/page-timeline/,https://www.youtube.com/watch?v=0tNQMrL_Sqg,https://www.youtube.com/watch?v=0tNQMrL_Sqg,2:00:48,,,
250403,BFX vs DK,1,28:40,https://gol.gg//game/stats/65465/page-summary/,65465,https://gol.gg/game/stats/65465/page-timeline/,https://www.youtube.com/watch?v=j37BSSBlLQI,https://www.youtube.com/watch?v=j37BSSBlLQI,3:16:09,,,
250403,BFX vs DK,2,26:27,https://gol.gg//game/stats/65465/page-summary/,65466,https://gol.gg/game/stats/65466/page-timeline/,https://www.youtube.com/watch?v=j37BSSBlLQI,https://www.youtube.com/watch?v=j37BSSBlLQI,4:06:38,,,
250403,BFX vs DK,3,36:55,https://gol.gg//game/stats/65465/page-summary/,65467,https://gol.gg/game/stats/65467/page-timeline/,https://www.youtube.com/watch?v=j37BSSBlLQI,https://www.youtube.com/watch?v=j37BSSBlLQI,4:54:35,,,
250403,NS vs BRO,1,36:08,https://gol.gg//game/stats/65462/page-summary/,65462,https://gol.gg/game/stats/65462/page-timeline/,https://www.youtube.com/watch?v=j37BSSBlLQI,https://www.youtube.com/watch?v=j37BSSBlLQI,0:59:07,,,
250403,NS vs BRO,2,32:41,https://gol.gg//game/stats/65462/page-summary/,65463,https://gol.gg/game/stats/65463/page-timeline/,https://www.youtube.com/watch?v=j37BSSBlLQI,https://www.youtube.com/watch?v=j37BSSBlLQI,1:56:41,,,
250404,DRX vs T1,1,33:39,https://gol.gg//game/stats/65471/page-summary/,65471,https://gol.gg/game/stats/65471/page-timeline/,https://www.youtube.com/watch?v=l-PJT-jZAsI,https://www.youtube.com/watch?v=l-PJT-jZAsI,3:51:34,,,
250404,DRX vs T1,2,34:04,https://gol.gg//game/stats/65471/page-summary/,65472,https://gol.gg/game/stats/65472/page-timeline/,https://www.youtube.com/watch?v=l-PJT-jZAsI,https://www.youtube.com/watch?v=l-PJT-jZAsI,4:46:43,,,
250404,HLE vs KT,1,34:08,https://gol.gg//game/stats/65468/page-summary/,65468,https://gol.gg/game/stats/65468/page-timeline/,https://www.youtube.com/watch?v=l-PJT-jZAsI,https://www.youtube.com/watch?v=l-PJT-jZAsI,0:39:09,,,
250404,HLE vs KT,2,35:35,https://gol.gg//game/stats/65468/page-summary/,65469,https://gol.gg/game/stats/65469/page-timeline/,https://www.youtube.com/watch?v=l-PJT-jZAsI,https://www.youtube.com/watch?v=l-PJT-jZAsI,1:36:33,,,
250404,HLE vs KT,3,30:30,https://gol.gg//game/stats/65468/page-summary/,65470,https://gol.gg/game/stats/65470/page-timeline/,https://www.youtube.com/watch?v=l-PJT-jZAsI,https://www.youtube.com/watch?v=l-PJT-jZAsI,2:34:23,,,
250405,DNF vs NS,1,44:39,https://gol.gg//game/stats/65477/page-summary/,65477,https://gol.gg/game/stats/65477/page-timeline/,https://www.youtube.com/watch?v=mWvxsvzECbk,https://www.youtube.com/watch?v=mWvxsvzECbk,3:50:40,,,
250405,DNF vs NS,2,39:34,https://gol.gg//game/stats/65477/page-summary/,65478,https://gol.gg/game/stats/65478/page-timeline/,https://www.youtube.com/watch?v=mWvxsvzECbk,https://www.youtube.com/watch?v=mWvxsvzECbk,4:57:59,,,
250405,BRO vs BFX,1,32:10,https://gol.gg//game/stats/65474/page-summary/,65474,https://gol.gg/game/stats/65474/page-timeline/,https://www.youtube.com/watch?v=mWvxsvzECbk,https://www.youtube.com/watch?v=mWvxsvzECbk,0:52:17,,,
250405,BRO vs BFX,2,33:40,https://gol.gg//game/stats/65474/page-summary/,65475,https://gol.gg/game/stats/65475/page-timeline/,https://www.youtube.com/watch?v=mWvxsvzECbk,https://www.youtube.com/watch?v=mWvxsvzECbk,1:45:03,,,
250405,BRO vs BFX,3,24:59,https://gol.gg//game/stats/65474/page-summary/,65476,https://gol.gg/game/stats/65476/page-timeline/,https://www.youtube.com/watch?v=mWvxsvzECbk,https://www.youtube.com/watch?v=mWvxsvzECbk,2:39:50,,,
250406,T1 vs GEN,1,33:59,https://gol.gg//game/stats/65483/page-summary/,65483,https://gol.gg/game/stats/65483/page-timeline/,https://www.youtube.com/watch?v=Ug8IvqGYIwk,https://www.youtube.com/watch?v=Ug8IvqGYIwk,2:59:51,,,
250406,T1 vs GEN,2,38:35,https://gol.gg//game/stats/65483/page-summary/,65484,https://gol.gg/game/stats/65484/page-timeline/,https://www.youtube.com/watch?v=Ug8IvqGYIwk,https://www.youtube.com/watch?v=Ug8IvqGYIwk,3:59:54,,,
250406,T1 vs GEN,3,50:39,https://gol.gg//game/stats/65483/page-summary/,65485,https://gol.gg/game/stats/65485/page-timeline/,https://www.youtube.com/watch?v=Ug8IvqGYIwk,https://www.youtube.com/watch?v=Ug8IvqGYIwk,5:04:43,,,
250406,KT vs DK,1,34:49,https://gol.gg//game/stats/65480/page-summary/,65480,https://gol.gg/game/stats/65480/page-timeline/,https://www.youtube.com/watch?v=Ug8IvqGYIwk,https://www.youtube.com/watch?v=Ug8IvqGYIwk,0:37:15,1,1:59,0:41:38
250406,KT vs DK,2,33:28,https://gol.gg//game/stats/65480/page-summary/,65481,https://gol.gg/game/stats/65481/page-timeline/,https://www.youtube.com/watch?v=Ug8IvqGYIwk,https://www.youtube.com/watch?v=Ug8IvqGYIwk,1:37:39,,,
250409,DK vs BRO,1,30:38,https://gol.gg//game/stats/65641/page-summary/,65641,https://gol.gg/game/stats/65641/page-timeline/,https://www.youtube.com/watch?v=eYP4caLsl4A,https://www.youtube.com/watch?v=eYP4caLsl4A,4:03:44,,,
250409,DK vs BRO,2,29:41,https://gol.gg//game/stats/65641/page-summary/,65642,https://gol.gg/game/stats/65642/page-timeline/,https://www.youtube.com/watch?v=eYP4caLsl4A,https://www.youtube.com/watch?v=eYP4caLsl4A,4:55:03,,,
250409,DNF vs HLE,1,35:27,https://gol.gg//game/stats/65638/page-summary/,65638,https://gol.gg/game/stats/65638/page-timeline/,https://www.youtube.com/watch?v=eYP4caLsl4A,https://www.youtube.com/watch?v=eYP4caLsl4A,0:56:18,,,
250409,DNF vs HLE,2,30:48,https://gol.gg//game/stats/65638/page-summary/,65639,https://gol.gg/game/stats/65639/page-timeline/,https://www.youtube.com/watch?v=eYP4caLsl4A,https://www.youtube.com/watch?v=eYP4caLsl4A,1:54:15,,,
250409,DNF vs HLE,3,29:30,https://gol.gg//game/stats/65638/page-summary/,65640,https://gol.gg/game/stats/65640/page-timeline/,https://www.youtube.com/watch?v=eYP4caLsl4A,https://www.youtube.com/watch?v=eYP4caLsl4A,2:50:08,,,
250410,T1 vs KT,1,24:33,https://gol.gg//game/stats/65647/page-summary/,65647,https://gol.gg/game/stats/65647/page-timeline/,https://www.youtube.com/watch?v=X_m8I_2LARA,https://www.youtube.com/watch?v=X_m8I_2LARA,3:02:59,,,
250410,T1 vs KT,2,30:11,https://gol.gg//game/stats/65647/page-summary/,65648,https://gol.gg/game/stats/65648/page-timeline/,https://www.youtube.com/watch?v=X_m8I_2LARA,https://www.youtube.com/watch?v=X_m8I_2LARA,3:50:33,,,
250410,BFX vs DRX,1,33:00,https://gol.gg//game/stats/65644/page-summary/,65644,https://gol.gg/game/stats/65644/page-timeline/,https://www.youtube.com/watch?v=X_m8I_2LARA,https://www.youtube.com/watch?v=X_m8I_2LARA,0:38:36,,,
250410,BFX vs DRX,2,33:21,https://gol.gg//game/stats/65644/page-summary/,65645,https://gol.gg/game/stats/65645/page-timeline/,https://www.youtube.com/watch?v=X_m8I_2LARA,https://www.youtube.com/watch?v=X_m8I_2LARA,1:34:52,,,
250411,GEN vs NS,1,28:17,https://gol.gg//game/stats/65653/page-summary/,65653,https://gol.gg/game/stats/65653/page-timeline/,https://www.youtube.com/watch?v=N2qhTzIqNPE,https://www.youtube.com/watch?v=N2qhTzIqNPE,3:36:59,,,
250411,GEN vs NS,2,28:06,https://gol.gg//game/stats/65653/page-summary/,65654,https://gol.gg/game/stats/65654/page-timeline/,https://www.youtube.com/watch?v=N2qhTzIqNPE,https://www.youtube.com/watch?v=N2qhTzIqNPE,4:28:43,,,
250411,BRO vs DNF,1,31:15,https://gol.gg//game/stats/65650/page-summary/,65650,https://gol.gg/game/stats/65650/page-timeline/,https://www.youtube.com/watch?v=N2qhTzIqNPE,https://www.youtube.com/watch?v=N2qhTzIqNPE,0:36:01,,,
250411,BRO vs DNF,2,29:53,https://gol.gg//game/stats/65650/page-summary/,65651,https://gol.gg/game/stats/65651/page-timeline/,https://www.youtube.com/watch?v=N2qhTzIqNPE,https://www.youtube.com/watch?v=N2qhTzIqNPE,1:29:12,,,
250411,BRO vs DNF,3,31:04,https://gol.gg//game/stats/65650/page-summary/,65652,https://gol.gg/game/stats/65652/page-timeline/,https://www.youtube.com/watch?v=N2qhTzIqNPE,https://www.youtube.com/watch?v=N2qhTzIqNPE,2:21:48,,,
250412,KT vs BFX,1,29:59,https://gol.gg//game/stats/65659/page-summary/,65659,https://gol.gg/game/stats/65659/page-timeline/,https://www.youtube.com/watch?v=LrWJ-UDMGyI,https://www.youtube.com/watch?v=LrWJ-UDMGyI,3:08:54,1,5:25,3:15:04
250412,KT vs BFX,2,29:04,https://gol.gg//game/stats/65659/page-summary/,65660,https://gol.gg/game/stats/65660/page-timeline/,https://www.youtube.com/watch?v=LrWJ-UDMGyI,https://www.youtube.com/watch?v=LrWJ-UDMGyI,4:01:14,,,
250412,KT vs BFX,3,26:15,https://gol.gg//game/stats/65659/page-summary/,65661,https://gol.gg/game/stats/65661/page-timeline/,https://www.youtube.com/watch?v=LrWJ-UDMGyI,https://www.youtube.com/watch?v=LrWJ-UDMGyI,4:52:37,,,
250412,HLE vs T1,1,31:39,https://gol.gg//game/stats/65656/page-summary/,65656,https://gol.gg/game/stats/65656/page-timeline/,https://www.youtube.com/watch?v=LrWJ-UDMGyI,https://www.youtube.com/watch?v=LrWJ-UDMGyI,0:47:02,,,
250412,HLE vs T1,2,27:49,https://gol.gg//game/stats/65656/page-summary/,65657,https://gol.gg/game/stats/65657/page-timeline/,https://www.youtube.com/watch?v=LrWJ-UDMGyI,https://www.youtube.com/watch?v=LrWJ-UDMGyI,1:55:32,1,,
250413,NS vs DRX,1,31:09,https://gol.gg//game/stats/65665/page-summary/,65665,https://gol.gg/game/stats/65665/page-timeline/,https://www.youtube.com/watch?v=AGjzPDelGQA,https://www.youtube.com/watch?v=AGjzPDelGQA,3:39:37,,,
250413,NS vs DRX,2,27:36,https://gol.gg//game/stats/65665/page-summary/,65666,https://gol.gg/game/stats/65666/page-timeline/,https://www.youtube.com/watch?v=AGjzPDelGQA,https://www.youtube.com/watch?v=AGjzPDelGQA,4:34:00,,,
250413,NS vs DRX,3,30:39,https://gol.gg//game/stats/65665/page-summary/,65667,https://gol.gg/game/stats/65667/page-timeline/,https://www.youtube.com/watch?v=AGjzPDelGQA,https://www.youtube.com/watch?v=AGjzPDelGQA,5:27:42,,,
250413,DK vs GEN,1,28:33,https://gol.gg//game/stats/65662/page-summary/,65662,https://gol.gg/game/stats/65662/page-timeline/,https://www.youtube.com/watch?v=AGjzPDelGQA,https://www.youtube.com/watch?v=AGjzPDelGQA,0:36:21,,,
250413,DK vs GEN,2,31:22,https://gol.gg//game/stats/65662/page-summary/,65663,https://gol.gg/game/stats/65663/page-timeline/,https://www.youtube.com/watch?v=AGjzPDelGQA,https://www.youtube.com/watch?v=AGjzPDelGQA,1:27:15,,,
250413,DK vs GEN,3,32:24,https://gol.gg//game/stats/65662/page-summary/,65664,https://gol.gg/game/stats/65664/page-timeline/,https://www.youtube.com/watch?v=AGjzPDelGQA,https://www.youtube.com/watch?v=AGjzPDelGQA,2:19:09,,,
250416,BFX vs GEN,1,34:30,https://gol.gg//game/stats/66199/page-summary/,66199,https://gol.gg/game/stats/66199/page-timeline/,https://www.youtube.com/watch?v=luNzdRvDrow,https://www.youtube.com/watch?v=luNzdRvDrow,3:57:59,,,
250416,BFX vs GEN,2,30:10,https://gol.gg//game/stats/66199/page-summary/,66200,https://gol.gg/game/stats/66200/page-timeline/,https://www.youtube.com/watch?v=luNzdRvDrow,https://www.youtube.com/watch?v=luNzdRvDrow,4:54:36,,,
250416,BFX vs GEN,3,24:34,https://gol.gg//game/stats/66199/page-summary/,66201,https://gol.gg/game/stats/66201/page-timeline/,https://www.youtube.com/watch?v=luNzdRvDrow,https://www.youtube.com/watch?v=luNzdRvDrow,5:47:34,,,
250416,T1 vs NS,1,34:20,https://gol.gg//game/stats/66196/page-summary/,66196,https://gol.gg/game/stats/66196/page-timeline/,https://www.youtube.com/watch?v=luNzdRvDrow,https://www.youtube.com/watch?v=luNzdRvDrow,0:50:25,,,
250416,T1 vs NS,2,30:50,https://gol.gg//game/stats/66196/page-summary/,66197,https://gol.gg/game/stats/66197/page-timeline/,https://www.youtube.com/watch?v=luNzdRvDrow,https://www.youtube.com/watch?v=luNzdRvDrow,1:45:51,,,
250416,T1 vs NS,3,35:21,https://gol.gg//game/stats/66196/page-summary/,66198,https://gol.gg/game/stats/66198/page-timeline/,https://www.youtube.com/watch?v=luNzdRvDrow,https://www.youtube.com/watch?v=luNzdRvDrow,2:37:37,,,
250417,BRO vs KT,1,43:48,https://gol.gg//game/stats/66205/page-summary/,66205,https://gol.gg/game/stats/66205/page-timeline/,https://www.youtube.com/watch?v=HIqJb8sDvkw,https://www.youtube.com/watch?v=HIqJb8sDvkw,2:41:40,,,
250417,BRO vs KT,2,29:32,https://gol.gg//game/stats/66205/page-summary/,66206,https://gol.gg/game/stats/66206/page-timeline/,https://www.youtube.com/watch?v=HIqJb8sDvkw,https://www.youtube.com/watch?v=HIqJb8sDvkw,3:46:54,,,
250417,BRO vs KT,3,34:25,https://gol.gg//game/stats/66205/page-summary/,66207,https://gol.gg/game/stats/66207/page-timeline/,https://www.youtube.com/watch?v=HIqJb8sDvkw,https://www.youtube.com/watch?v=HIqJb8sDvkw,4:38:20,,,
250417,DRX vs HLE,1,30:03,https://gol.gg//game/stats/66202/page-summary/,66202,https://gol.gg/game/stats/66202/page-timeline/,https://www.youtube.com/watch?v=HIqJb8sDvkw,https://www.youtube.com/watch?v=HIqJb8sDvkw,0:35:53,,,
250417,DRX vs HLE,2,32:00,https://gol.gg//game/stats/66202/page-summary/,66203,https://gol.gg/game/stats/66203/page-timeline/,https://www.youtube.com/watch?v=HIqJb8sDvkw,https://www.youtube.com/watch?v=HIqJb8sDvkw,1:26:30,,,
250418,DNF vs DK,1,28:30,https://gol.gg//game/stats/66211/page-summary/,66211,https://gol.gg/game/stats/66211/page-timeline/,https://www.youtube.com/watch?v=Xc-kyp_TJog,https://www.youtube.com/watch?v=Xc-kyp_TJog,3:50:51,,,
250418,DNF vs DK,2,30:04,https://gol.gg//game/stats/66211/page-summary/,66212,https://gol.gg/game/stats/66212/page-timeline/,https://www.youtube.com/watch?v=Xc-kyp_TJog,https://www.youtube.com/watch?v=Xc-kyp_TJog,4:40:47,,,
250418,BFX vs T1,1,37:34,https://gol.gg//game/stats/66208/page-summary/,66208,https://gol.gg/game/stats/66208/page-timeline/,https://www.youtube.com/watch?v=Xc-kyp_TJog,https://www.youtube.com/watch?v=Xc-kyp_TJog,0:40:40,1,,
250418,BFX vs T1,2,33:39,https://gol.gg//game/stats/66208/page-summary/,66209,https://gol.gg/game/stats/66209/page-timeline/,https://www.youtube.com/watch?v=Xc-kyp_TJog,https://www.youtube.com/watch?v=Xc-kyp_TJog,1:39:55,,,
250418,BFX vs T1,3,28:32,https://gol.gg//game/stats/66208/page-summary/,66210,https://gol.gg/game/stats/66210/page-timeline/,https://www.youtube.com/watch?v=Xc-kyp_TJog,https://www.youtube.com/watch?v=Xc-kyp_TJog,2:35:27,,,
250419,NS vs HLE,1,25:00,https://gol.gg//game/stats/66217/page-summary/,66217,https://gol.gg/game/stats/66217/page-timeline/,https://www.youtube.com/watch?v=JtXVudyHS98,https://www.youtube.com/watch?v=JtXVudyHS98,2:55:17,,,
250419,NS vs HLE,2,27:32,https://gol.gg//game/stats/66217/page-summary/,66218,https://gol.gg/game/stats/66218/page-timeline/,https://www.youtube.com/watch?v=JtXVudyHS98,https://www.youtube.com/watch?v=JtXVudyHS98,3:42:13,,,
250419,GEN vs BRO,1,33:52,https://gol.gg//game/stats/66214/page-summary/,66214,https://gol.gg/game/stats/66214/page-timeline/,https://www.youtube.com/watch?v=JtXVudyHS98,https://www.youtube.com/watch?v=JtXVudyHS98,0:45:23,,,
250419,GEN vs BRO,2,28:48,https://gol.gg//game/stats/66214/page-summary/,66215,https://gol.gg/game/stats/66215/page-timeline/,https://www.youtube.com/watch?v=JtXVudyHS98,https://www.youtube.com/watch?v=JtXVudyHS98,1:41:16,,,
250420,KT vs DNF,1,44:27,https://gol.gg//game/stats/66223/page-summary/,66223,https://gol.gg/game/stats/66223/page-timeline/,https://www.youtube.com/watch?v=fnkjATLxvpI,https://www.youtube.com/watch?v=fnkjATLxvpI,3:53:30,,,
250420,KT vs DNF,2,32:19,https://gol.gg//game/stats/66223/page-summary/,66224,https://gol.gg/game/stats/66224/page-timeline/,https://www.youtube.com/watch?v=fnkjATLxvpI,https://www.youtube.com/watch?v=fnkjATLxvpI,5:01:03,,,
250420,DK vs DRX,1,45:19,https://gol.gg//game/stats/66220/page-summary/,66220,https://gol.gg/game/stats/66220/page-timeline/,https://www.youtube.com/watch?v=fnkjATLxvpI,https://www.youtube.com/watch?v=fnkjATLxvpI,0:37:20,,,
250420,DK vs DRX,2,30:21,https://gol.gg//game/stats/66220/page-summary/,66221,https://gol.gg/game/stats/66221/page-timeline/,https://www.youtube.com/watch?v=fnkjATLxvpI,https://www.youtube.com/watch?v=fnkjATLxvpI,1:45:21,,,
250420,DK vs DRX,3,28:18,https://gol.gg//game/stats/66220/page-summary/,66222,https://gol.gg/game/stats/66222/page-timeline/,https://www.youtube.com/watch?v=fnkjATLxvpI,https://www.youtube.com/watch?v=fnkjATLxvpI,2:40:08,,,
250423,NS vs BFX,1,30:32,https://gol.gg//game/stats/66587/page-summary/,66587,https://gol.gg/game/stats/66587/page-timeline/,https://www.youtube.com/watch?v=rXvX7s428j8,https://www.youtube.com/watch?v=rXvX7s428j8,3:07:32,1,1:32,3:10:48
250423,NS vs BFX,2,32:26,https://gol.gg//game/stats/66587/page-summary/,66588,https://gol.gg/game/stats/66588/page-timeline/,https://www.youtube.com/watch?v=rXvX7s428j8,https://www.youtube.com/watch?v=rXvX7s428j8,4:00:51,,,
250423,DRX vs KT,1,40:56,https://gol.gg//game/stats/66584/page-summary/,66584,https://gol.gg/game/stats/66584/page-timeline/,https://www.youtube.com/watch?v=rXvX7s428j8,https://www.youtube.com/watch?v=rXvX7s428j8,0:50:34,,,
250423,DRX vs KT,2,28:45,https://gol.gg//game/stats/66584/page-summary/,66585,https://gol.gg/game/stats/66585/page-timeline/,https://www.youtube.com/watch?v=rXvX7s428j8,https://www.youtube.com/watch?v=rXvX7s428j8,1:54:27,,,
250424,HLE vs BRO,1,33:13,https://gol.gg//game/stats/66593/page-summary/,66593,https://gol.gg/game/stats/66593/page-timeline/,https://www.youtube.com/watch?v=qmEZwV-7vx0,https://www.youtube.com/watch?v=qmEZwV-7vx0,2:47:54,,,
250424,HLE vs BRO,2,35:24,https://gol.gg//game/stats/66593/page-summary/,66594,https://gol.gg/game/stats/66594/page-timeline/,https://www.youtube.com/watch?v=qmEZwV-7vx0,https://www.youtube.com/watch?v=qmEZwV-7vx0,3:42:45,,,
250424,GEN vs DNF,1,32:54,https://gol.gg//game/stats/66590/page-summary/,66590,https://gol.gg/game/stats/66590/page-timeline/,https://www.youtube.com/watch?v=qmEZwV-7vx0,https://www.youtube.com/watch?v=qmEZwV-7vx0,0:36:00,,,
250424,GEN vs DNF,2,28:05,https://gol.gg//game/stats/66590/page-summary/,66591,https://gol.gg/game/stats/66591/page-timeline/,https://www.youtube.com/watch?v=qmEZwV-7vx0,https://www.youtube.com/watch?v=qmEZwV-7vx0,1:33:26,,,
250425,T1 vs DK,1,36:15,https://gol.gg//game/stats/66599/page-summary/,66599,https://gol.gg/game/stats/66599/page-timeline/,https://www.youtube.com/watch?v=sGKHG07_Z9Q,https://www.youtube.com/watch?v=sGKHG07_Z9Q,2:48:00,,,
250425,T1 vs DK,2,27:13,https://gol.gg//game/stats/66599/page-summary/,66600,https://gol.gg/game/stats/66600/page-timeline/,https://www.youtube.com/watch?v=sGKHG07_Z9Q,https://www.youtube.com/watch?v=sGKHG07_Z9Q,3:45:57,,,
250425,T1 vs DK,3,44:35,https://gol.gg//game/stats/66599/page-summary/,66601,https://gol.gg/game/stats/66601/page-timeline/,https://www.youtube.com/watch?v=sGKHG07_Z9Q,https://www.youtube.com/watch?v=sGKHG07_Z9Q,4:34:25,,,
250425,KT vs NS,1,30:53,https://gol.gg//game/stats/66596/page-summary/,66596,https://gol.gg/game/stats/66596/page-timeline/,https://www.youtube.com/watch?v=sGKHG07_Z9Q,https://www.youtube.com/watch?v=sGKHG07_Z9Q,0:35:52,,,
250425,KT vs NS,2,33:00,https://gol.gg//game/stats/66596/page-summary/,66597,https://gol.gg/game/stats/66597/page-timeline/,https://www.youtube.com/watch?v=sGKHG07_Z9Q,https://www.youtube.com/watch?v=sGKHG07_Z9Q,1:29:27,,,
250426,DRX vs GEN,1,28:03,https://gol.gg//game/stats/66605/page-summary/,66605,https://gol.gg/game/stats/66605/page-timeline/,https://www.youtube.com/watch?v=py6iTZOfVlg,https://www.youtube.com/watch?v=py6iTZOfVlg,3:57:02,,,
250426,DRX vs GEN,2,29:32,https://gol.gg//game/stats/66605/page-summary/,66606,https://gol.gg/game/stats/66606/page-timeline/,https://www.youtube.com/watch?v=py6iTZOfVlg,https://www.youtube.com/watch?v=py6iTZOfVlg,4:46:29,,,
250426,DNF vs BFX,1,40:03,https://gol.gg//game/stats/66602/page-summary/,66602,https://gol.gg/game/stats/66602/page-timeline/,https://www.youtube.com/watch?v=py6iTZOfVlg,https://www.youtube.com/watch?v=py6iTZOfVlg,0:57:30,,,
250426,DNF vs BFX,2,28:55,https://gol.gg//game/stats/66602/page-summary/,66603,https://gol.gg/game/stats/66603/page-timeline/,https://www.youtube.com/watch?v=py6iTZOfVlg,https://www.youtube.com/watch?v=py6iTZOfVlg,1:49:50,,,
250426,DNF vs BFX,3,30:07,https://gol.gg//game/stats/66602/page-summary/,66604,https://gol.gg/game/stats/66604/page-timeline/,https://www.youtube.com/watch?v=py6iTZOfVlg,https://www.youtube.com/watch?v=py6iTZOfVlg,2:39:47,,,
250427,DK vs HLE,1,35:12,https://gol.gg//game/stats/66611/page-summary/,66611,https://gol.gg/game/stats/66611/page-timeline/,https://www.youtube.com/watch?v=4ol1ZioLaCw,https://www.youtube.com/watch?v=4ol1ZioLaCw,3:40:49,,,
250427,DK vs HLE,2,34:34,https://gol.gg//game/stats/66611/page-summary/,66612,https://gol.gg/game/stats/66612/page-timeline/,https://www.youtube.com/watch?v=4ol1ZioLaCw,https://www.youtube.com/watch?v=4ol1ZioLaCw,4:39:32,,,
250427,DK vs HLE,3,33:12,https://gol.gg//game/stats/66611/page-summary/,66613,https://gol.gg/game/stats/66613/page-timeline/,https://www.youtube.com/watch?v=4ol1ZioLaCw,https://www.youtube.com/watch?v=4ol1ZioLaCw,5:36:01,,,
250427,BRO vs T1,1,38:42,https://gol.gg//game/stats/66608/page-summary/,66608,https://gol.gg/game/stats/66608/page-timeline/,https://www.youtube.com/watch?v=4ol1ZioLaCw,https://www.youtube.com/watch?v=4ol1ZioLaCw,0:35:47,,,
250427,BRO vs T1,2,25:03,https://gol.gg//game/stats/66608/page-summary/,66609,https://gol.gg/game/stats/66609/page-timeline/,https://www.youtube.com/watch?v=4ol1ZioLaCw,https://www.youtube.com/watch?v=4ol1ZioLaCw,1:35:27,,,
250427,BRO vs T1,3,35:39,https://gol.gg//game/stats/66608/page-summary/,66610,https://gol.gg/game/stats/66610/page-timeline/,https://www.youtube.com/watch?v=4ol1ZioLaCw,https://www.youtube.com/watch?v=4ol1ZioLaCw,2:20:41,,,
250430,BFX vs HLE,1,34:50,https://gol.gg//game/stats/66985/page-summary/,66985,https://gol.gg/game/stats/66985/page-timeline/,https://www.youtube.com/watch?v=PUOwzI-kQSM,https://www.youtube.com/watch?v=PUOwzI-kQSM,3:59:28,,,
250430,BFX vs HLE,2,31:00,https://gol.gg//game/stats/66985/page-summary/,66986,https://gol.gg/game/stats/66986/page-timeline/,https://www.youtube.com/watch?v=PUOwzI-kQSM,https://www.youtube.com/watch?v=PUOwzI-kQSM,4:56:04,,,
250430,NS vs DK,1,38:50,https://gol.gg//game/stats/66982/page-summary/,66982,https://gol.gg/game/stats/66982/page-timeline/,https://www.youtube.com/watch?v=PUOwzI-kQSM,https://www.youtube.com/watch?v=PUOwzI-kQSM,0:50:41,,,
250430,NS vs DK,2,32:57,https://gol.gg//game/stats/66982/page-summary/,66983,https://gol.gg/game/stats/66983/page-timeline/,https://www.youtube.com/watch?v=PUOwzI-kQSM,https://www.youtube.com/watch?v=PUOwzI-kQSM,1:47:05,,,
250430,NS vs DK,3,30:01,https://gol.gg//game/stats/66982/page-summary/,66984,https://gol.gg/game/stats/66984/page-timeline/,https://www.youtube.com/watch?v=PUOwzI-kQSM,https://www.youtube.com/watch?v=PUOwzI-kQSM,2:42:35,,,
250501,BRO vs DRX,1,24:42,https://gol.gg//game/stats/66991/page-summary/,66991,https://gol.gg/game/stats/66991/page-timeline/,https://www.youtube.com/watch?v=GAQIl97UZC8,https://www.youtube.com/watch?v=GAQIl97UZC8,,,,
250501,BRO vs DRX,2,30:30,https://gol.gg//game/stats/66991/page-summary/,66992,https://gol.gg/game/stats/66992/page-timeline/,https://www.youtube.com/watch?v=GAQIl97UZC8,https://www.youtube.com/watch?v=GAQIl97UZC8,,,,
250501,BRO vs DRX,3,31:51,https://gol.gg//game/stats/66991/page-summary/,66993,https://gol.gg/game/stats/66993/page-timeline/,https://www.youtube.com/watch?v=GAQIl97UZC8,https://www.youtube.com/watch?v=GAQIl97UZC8,,,,
250501,GEN vs KT,1,30:02,https://gol.gg//game/stats/66988/page-summary/,66988,https://gol.gg/game/stats/66988/page-timeline/,https://www.youtube.com/watch?v=GAQIl97UZC8,https://www.youtube.com/watch?v=GAQIl97UZC8,,,,
250501,GEN vs KT,2,31:58,https://gol.gg//game/stats/66988/page-summary/,66989,https://gol.gg/game/stats/66989/page-timeline/,https://www.youtube.com/watch?v=GAQIl97UZC8,https://www.youtube.com/watch?v=GAQIl97UZC8,,,,
250502,HLE vs NS,1,27:02,https://gol.gg//game/stats/66997/page-summary/,66997,https://gol.gg/game/stats/66997/page-timeline/,https://www.youtube.com/watch?v=cJpvKS05ieE,https://www.youtube.com/watch?v=cJpvKS05ieE,,,,
250502,HLE vs NS,2,42:30,https://gol.gg//game/stats/66997/page-summary/,66998,https://gol.gg/game/stats/66998/page-timeline/,https://www.youtube.com/watch?v=cJpvKS05ieE,https://www.youtube.com/watch?v=cJpvKS05ieE,,,,
250502,T1 vs DNF,1,31:17,https://gol.gg//game/stats/66994/page-summary/,66994,https://gol.gg/game/stats/66994/page-timeline/,https://www.youtube.com/watch?v=cJpvKS05ieE,https://www.youtube.com/watch?v=cJpvKS05ieE,,,,
250502,T1 vs DNF,2,27:53,https://gol.gg//game/stats/66994/page-summary/,66995,https://gol.gg/game/stats/66995/page-timeline/,https://www.youtube.com/watch?v=cJpvKS05ieE,https://www.youtube.com/watch?v=cJpvKS05ieE,,,,
250503,DRX vs BFX,1,35:41,https://gol.gg//game/stats/67003/page-summary/,67003,https://gol.gg/game/stats/67003/page-timeline/,https://www.youtube.com/watch?v=v7hNbY9m3HQ,https://www.youtube.com/watch?v=v7hNbY9m3HQ,,,,
250503,DRX vs BFX,2,44:16,https://gol.gg//game/stats/67003/page-summary/,67004,https://gol.gg/game/stats/67004/page-timeline/,https://www.youtube.com/watch?v=v7hNbY9m3HQ,https://www.youtube.com/watch?v=v7hNbY9m3HQ,,,,
250503,GEN vs DK,1,35:17,https://gol.gg//game/stats/67000/page-summary/,67000,https://gol.gg/game/stats/67000/page-timeline/,https://www.youtube.com/watch?v=v7hNbY9m3HQ,https://www.youtube.com/watch?v=v7hNbY9m3HQ,,,,
250503,GEN vs DK,2,26:38,https://gol.gg//game/stats/67000/page-summary/,67001,https://gol.gg/game/stats/67001/page-timeline/,https://www.youtube.com/watch?v=v7hNbY9m3HQ,https://www.youtube.com/watch?v=v7hNbY9m3HQ,,,,
250504,DNF vs BRO,1,33:13,https://gol.gg//game/stats/67009/page-summary/,67009,https://gol.gg/game/stats/67009/page-timeline/,https://www.youtube.com/watch?v=cwGBhk7uxYc,https://www.youtube.com/watch?v=cwGBhk7uxYc,,,,
250504,DNF vs BRO,2,33:54,https://gol.gg//game/stats/67009/page-summary/,67010,https://gol.gg/game/stats/67010/page-timeline/,https://www.youtube.com/watch?v=cwGBhk7uxYc,https://www.youtube.com/watch?v=cwGBhk7uxYc,,,,
250504,DNF vs BRO,3,28:05,https://gol.gg//game/stats/67009/page-summary/,67011,https://gol.gg/game/stats/67011/page-timeline/,https://www.youtube.com/watch?v=cwGBhk7uxYc,https://www.youtube.com/watch?v=cwGBhk7uxYc,,,,
250504,KT vs T1,1,31:07,https://gol.gg//game/stats/67006/page-summary/,67006,https://gol.gg/game/stats/67006/page-timeline/,https://www.youtube.com/watch?v=cwGBhk7uxYc,https://www.youtube.com/watch?v=cwGBhk7uxYc,,,,
250504,KT vs T1,2,33:36,https://gol.gg//game/stats/67006/page-summary/,67007,https://gol.gg/game/stats/67007/page-timeline/,https://www.youtube.com/watch?v=cwGBhk7uxYc,https://www.youtube.com/watch?v=cwGBhk7uxYc,,,,
250507,DK vs KT,1,42:07,https://gol.gg//game/stats/67429/page-summary/,67429,https://gol.gg/game/stats/67429/page-timeline/,https://www.youtube.com/watch?v=G_D_Eh5WT1U,https://www.youtube.com/watch?v=G_D_Eh5WT1U,,,,
250507,DK vs KT,2,31:07,https://gol.gg//game/stats/67429/page-summary/,67430,https://gol.gg/game/stats/67430/page-timeline/,https://www.youtube.com/watch?v=G_D_Eh5WT1U,https://www.youtube.com/watch?v=G_D_Eh5WT1U,,,,
250507,BFX vs BRO,1,28:21,https://gol.gg//game/stats/67426/page-summary/,67426,https://gol.gg/game/stats/67426/page-timeline/,https://www.youtube.com/watch?v=G_D_Eh5WT1U,https://www.youtube.com/watch?v=G_D_Eh5WT1U,,,,
250507,BFX vs BRO,2,29:29,https://gol.gg//game/stats/67426/page-summary/,67427,https://gol.gg/game/stats/67427/page-timeline/,https://www.youtube.com/watch?v=G_D_Eh5WT1U,https://www.youtube.com/watch?v=G_D_Eh5WT1U,,,,
250507,BFX vs BRO,3,28:53,https://gol.gg//game/stats/67426/page-summary/,67428,https://gol.gg/game/stats/67428/page-timeline/,https://www.youtube.com/watch?v=G_D_Eh5WT1U,https://www.youtube.com/watch?v=G_D_Eh5WT1U,,,,
250508,NS vs GEN,1,28:10,https://gol.gg//game/stats/67435/page-summary/,67435,https://gol.gg/game/stats/67435/page-timeline/,https://www.youtube.com/watch?v=YHA2cBq-4vk,https://www.youtube.com/watch?v=YHA2cBq-4vk,,,,
250508,NS vs GEN,2,21:55,https://gol.gg//game/stats/67435/page-summary/,67436,https://gol.gg/game/stats/67436/page-timeline/,https://www.youtube.com/watch?v=YHA2cBq-4vk,https://www.youtube.com/watch?v=YHA2cBq-4vk,,,,
250508,T1 vs DRX,1,34:37,https://gol.gg//game/stats/67432/page-summary/,67432,https://gol.gg/game/stats/67432/page-timeline/,https://www.youtube.com/watch?v=YHA2cBq-4vk,https://www.youtube.com/watch?v=YHA2cBq-4vk,,,,
250508,T1 vs DRX,2,28:41,https://gol.gg//game/stats/67432/page-summary/,67433,https://gol.gg/game/stats/67433/page-timeline/,https://www.youtube.com/watch?v=YHA2cBq-4vk,https://www.youtube.com/watch?v=YHA2cBq-4vk,,,,
250509,BRO vs HLE,1,30:41,https://gol.gg//game/stats/67441/page-summary/,67441,https://gol.gg/game/stats/67441/page-timeline/,https://www.youtube.com/watch?v=jS_NadxJ3rY,https://www.youtube.com/watch?v=jS_NadxJ3rY,,,,
250509,BRO vs HLE,2,29:41,https://gol.gg//game/stats/67441/page-summary/,67442,https://gol.gg/game/stats/67442/page-timeline/,https://www.youtube.com/watch?v=jS_NadxJ3rY,https://www.youtube.com/watch?v=jS_NadxJ3rY,,,,
250509,DNF vs KT,1,26:29,https://gol.gg//game/stats/67438/page-summary/,67438,https://gol.gg/game/stats/67438/page-timeline/,https://www.youtube.com/watch?v=jS_NadxJ3rY,https://www.youtube.com/watch?v=jS_NadxJ3rY,,,,
250509,DNF vs KT,2,23:47,https://gol.gg//game/stats/67438/page-summary/,67439,https://gol.gg/game/stats/67439/page-timeline/,https://www.youtube.com/watch?v=jS_NadxJ3rY,https://www.youtube.com/watch?v=jS_NadxJ3rY,,,,
250510,GEN vs BFX,1,35:40,https://gol.gg//game/stats/67447/page-summary/,67447,https://gol.gg/game/stats/67447/page-timeline/,https://www.youtube.com/watch?v=5_e69S7oezQ,https://www.youtube.com/watch?v=5_e69S7oezQ,,,,
250510,GEN vs BFX,2,31:12,https://gol.gg//game/stats/67447/page-summary/,67448,https://gol.gg/game/stats/67448/page-timeline/,https://www.youtube.com/watch?v=5_e69S7oezQ,https://www.youtube.com/watch?v=5_e69S7oezQ,,,,
250510,DK vs T1,1,29:46,https://gol.gg//game/stats/67444/page-summary/,67444,https://gol.gg/game/stats/67444/page-timeline/,https://www.youtube.com/watch?v=5_e69S7oezQ,https://www.youtube.com/watch?v=5_e69S7oezQ,,,,
250510,DK vs T1,2,28:20,https://gol.gg//game/stats/67444/page-summary/,67445,https://gol.gg/game/stats/67445/page-timeline/,https://www.youtube.com/watch?v=5_e69S7oezQ,https://www.youtube.com/watch?v=5_e69S7oezQ,,,,
250511,HLE vs DRX,1,27:27,https://gol.gg//game/stats/67453/page-summary/,67453,https://gol.gg/game/stats/67453/page-timeline/,https://www.youtube.com/watch?v=Wnb4uDjO83s,https://www.youtube.com/watch?v=Wnb4uDjO83s,,,,
250511,HLE vs DRX,2,41:34,https://gol.gg//game/stats/67453/page-summary/,67454,https://gol.gg/game/stats/67454/page-timeline/,https://www.youtube.com/watch?v=Wnb4uDjO83s,https://www.youtube.com/watch?v=Wnb4uDjO83s,,,,
250511,NS vs DNF,1,43:10,https://gol.gg//game/stats/67450/page-summary/,67450,https://gol.gg/game/stats/67450/page-timeline/,https://www.youtube.com/watch?v=Wnb4uDjO83s,https://www.youtube.com/watch?v=Wnb4uDjO83s,,,,
250511,NS vs DNF,2,26:37,https://gol.gg//game/stats/67450/page-summary/,67451,https://gol.gg/game/stats/67451/page-timeline/,https://www.youtube.com/watch?v=Wnb4uDjO83s,https://www.youtube.com/watch?v=Wnb4uDjO83s,,,,
250511,NS vs DNF,3,35:25,https://gol.gg//game/stats/67450/page-summary/,67452,https://gol.gg/game/stats/67452/page-timeline/,https://www.youtube.com/watch?v=Wnb4uDjO83s,https://www.youtube.com/watch?v=Wnb4uDjO83s,,,,
250514,DRX vs DK,1,43:19,https://gol.gg//game/stats/67808/page-summary/,67808,https://gol.gg/game/stats/67808/page-timeline/,https://www.youtube.com/watch?v=e8HHnsd_524,https://www.youtube.com/watch?v=e8HHnsd_524,,,,
250514,DRX vs DK,2,40:31,https://gol.gg//game/stats/67808/page-summary/,67809,https://gol.gg/game/stats/67809/page-timeline/,https://www.youtube.com/watch?v=e8HHnsd_524,https://www.youtube.com/watch?v=e8HHnsd_524,,,,
250514,DRX vs DK,3,28:36,https://gol.gg//game/stats/67808/page-summary/,67810,https://gol.gg/game/stats/67810/page-timeline/,https://www.youtube.com/watch?v=e8HHnsd_524,https://www.youtube.com/watch?v=e8HHnsd_524,,,,
250514,BFX vs NS,1,28:34,https://gol.gg//game/stats/67805/page-summary/,67805,https://gol.gg/game/stats/67805/page-timeline/,https://www.youtube.com/watch?v=e8HHnsd_524,https://www.youtube.com/watch?v=e8HHnsd_524,,,,
250514,BFX vs NS,2,27:13,https://gol.gg//game/stats/67805/page-summary/,67806,https://gol.gg/game/stats/67806/page-timeline/,https://www.youtube.com/watch?v=e8HHnsd_524,https://www.youtube.com/watch?v=e8HHnsd_524,,,,
250514,BFX vs NS,3,26:26,https://gol.gg//game/stats/67805/page-summary/,67807,https://gol.gg/game/stats/67807/page-timeline/,https://www.youtube.com/watch?v=e8HHnsd_524,https://www.youtube.com/watch?v=e8HHnsd_524,,,,
250515,T1 vs BRO,1,38:10,https://gol.gg//game/stats/67814/page-summary/,67814,https://gol.gg/game/stats/67814/page-timeline/,https://www.youtube.com/watch?v=DbY6LcAD-F8,https://www.youtube.com/watch?v=DbY6LcAD-F8,,,,
250515,T1 vs BRO,2,35:42,https://gol.gg//game/stats/67814/page-summary/,67815,https://gol.gg/game/stats/67815/page-timeline/,https://www.youtube.com/watch?v=DbY6LcAD-F8,https://www.youtube.com/watch?v=DbY6LcAD-F8,,,,
250515,T1 vs BRO,3,27:33,https://gol.gg//game/stats/67814/page-summary/,67816,https://gol.gg/game/stats/67816/page-timeline/,https://www.youtube.com/watch?v=DbY6LcAD-F8,https://www.youtube.com/watch?v=DbY6LcAD-F8,,,,
250515,KT vs HLE,1,31:59,https://gol.gg//game/stats/67811/page-summary/,67811,https://gol.gg/game/stats/67811/page-timeline/,https://www.youtube.com/watch?v=DbY6LcAD-F8,https://www.youtube.com/watch?v=DbY6LcAD-F8,,,,
250515,KT vs HLE,2,30:12,https://gol.gg//game/stats/67811/page-summary/,67812,https://gol.gg/game/stats/67812/page-timeline/,https://www.youtube.com/watch?v=DbY6LcAD-F8,https://www.youtube.com/watch?v=DbY6LcAD-F8,,,,
250515,KT vs HLE,3,36:54,https://gol.gg//game/stats/67811/page-summary/,67813,https://gol.gg/game/stats/67813/page-timeline/,https://www.youtube.com/watch?v=DbY6LcAD-F8,https://www.youtube.com/watch?v=DbY6LcAD-F8,,,,
250516,DNF vs GEN,1,25:33,https://gol.gg//game/stats/67820/page-summary/,67820,https://gol.gg/game/stats/67820/page-timeline/,https://www.youtube.com/watch?v=OJJ_Q3xlHIA,https://www.youtube.com/watch?v=OJJ_Q3xlHIA,,,,
250516,DNF vs GEN,2,24:05,https://gol.gg//game/stats/67820/page-summary/,67821,https://gol.gg/game/stats/67821/page-timeline/,https://www.youtube.com/watch?v=OJJ_Q3xlHIA,https://www.youtube.com/watch?v=OJJ_Q3xlHIA,,,,
250516,DK vs BFX,1,32:26,https://gol.gg//game/stats/67817/page-summary/,67817,https://gol.gg/game/stats/67817/page-timeline/,https://www.youtube.com/watch?v=OJJ_Q3xlHIA,https://www.youtube.com/watch?v=OJJ_Q3xlHIA,,,,
250516,DK vs BFX,2,27:51,https://gol.gg//game/stats/67817/page-summary/,67818,https://gol.gg/game/stats/67818/page-timeline/,https://www.youtube.com/watch?v=OJJ_Q3xlHIA,https://www.youtube.com/watch?v=OJJ_Q3xlHIA,,,,
250517,KT vs BRO,1,30:40,https://gol.gg//game/stats/67826/page-summary/,67826,https://gol.gg/game/stats/67826/page-timeline/,https://www.youtube.com/watch?v=PEF8Su_VcNk,https://www.youtube.com/watch?v=PEF8Su_VcNk,,,,
250517,KT vs BRO,2,26:25,https://gol.gg//game/stats/67826/page-summary/,67827,https://gol.gg/game/stats/67827/page-timeline/,https://www.youtube.com/watch?v=PEF8Su_VcNk,https://www.youtube.com/watch?v=PEF8Su_VcNk,,,,
250517,KT vs BRO,3,35:12,https://gol.gg//game/stats/67826/page-summary/,67828,https://gol.gg/game/stats/67828/page-timeline/,https://www.youtube.com/watch?v=PEF8Su_VcNk,https://www.youtube.com/watch?v=PEF8Su_VcNk,,,,
250517,DRX vs NS,1,30:11,https://gol.gg//game/stats/67823/page-summary/,67823,https://gol.gg/game/stats/67823/page-timeline/,https://www.youtube.com/watch?v=PEF8Su_VcNk,https://www.youtube.com/watch?v=PEF8Su_VcNk,,,,
250517,DRX vs NS,2,27:33,https://gol.gg//game/stats/67823/page-summary/,67824,https://gol.gg/game/stats/67824/page-timeline/,https://www.youtube.com/watch?v=PEF8Su_VcNk,https://www.youtube.com/watch?v=PEF8Su_VcNk,,,,
250517,DRX vs NS,3,26:28,https://gol.gg//game/stats/67823/page-summary/,67825,https://gol.gg/game/stats/67825/page-timeline/,https://www.youtube.com/watch?v=PEF8Su_VcNk,https://www.youtube.com/watch?v=PEF8Su_VcNk,,,,
250518,GEN vs T1,1,37:32,https://gol.gg//game/stats/67832/page-summary/,67832,https://gol.gg/game/stats/67832/page-timeline/,https://www.youtube.com/watch?v=D-HW8R5dY20,https://www.youtube.com/watch?v=D-HW8R5dY20,,,,
250518,GEN vs T1,2,34:12,https://gol.gg//game/stats/67832/page-summary/,67833,https://gol.gg/game/stats/67833/page-timeline/,https://www.youtube.com/watch?v=D-HW8R5dY20,https://www.youtube.com/watch?v=D-HW8R5dY20,,,,
250518,HLE vs DNF,1,33:05,https://gol.gg//game/stats/67829/page-summary/,67829,https://gol.gg/game/stats/67829/page-timeline/,https://www.youtube.com/watch?v=D-HW8R5dY20,https://www.youtube.com/watch?v=D-HW8R5dY20,,,,
250518,HLE vs DNF,2,33:08,https://gol.gg//game/stats/67829/page-summary/,67830,https://gol.gg/game/stats/67830/page-timeline/,https://www.youtube.com/watch?v=D-HW8R5dY20,https://www.youtube.com/watch?v=D-HW8R5dY20,,,,
250521,DNF vs DRX,1,33:55,https://gol.gg//game/stats/68162/page-summary/,68162,https://gol.gg/game/stats/68162/page-timeline/,https://www.youtube.com/watch?v=fwWxnvgBYlo,https://www.youtube.com/watch?v=fwWxnvgBYlo,,,,
250521,DNF vs DRX,2,36:08,https://gol.gg//game/stats/68162/page-summary/,68163,https://gol.gg/game/stats/68163/page-timeline/,https://www.youtube.com/watch?v=fwWxnvgBYlo,https://www.youtube.com/watch?v=fwWxnvgBYlo,,,,
250521,GEN vs HLE,1,27:15,https://gol.gg//game/stats/68159/page-summary/,68159,https://gol.gg/game/stats/68159/page-timeline/,https://www.youtube.com/watch?v=fwWxnvgBYlo,https://www.youtube.com/watch?v=fwWxnvgBYlo,,,,
250521,GEN vs HLE,2,47:39,https://gol.gg//game/stats/68159/page-summary/,68160,https://gol.gg/game/stats/68160/page-timeline/,https://www.youtube.com/watch?v=fwWxnvgBYlo,https://www.youtube.com/watch?v=fwWxnvgBYlo,,,,
250521,GEN vs HLE,3,29:37,https://gol.gg//game/stats/68159/page-summary/,68161,https://gol.gg/game/stats/68161/page-timeline/,https://www.youtube.com/watch?v=fwWxnvgBYlo,https://www.youtube.com/watch?v=fwWxnvgBYlo,,,,
250522,T1 vs BFX,1,28:17,https://gol.gg//game/stats/68168/page-summary/,68168,https://gol.gg/game/stats/68168/page-timeline/,https://www.youtube.com/watch?v=kT4YBDwrQhQ,https://www.youtube.com/watch?v=kT4YBDwrQhQ,,,,
250522,T1 vs BFX,2,33:47,https://gol.gg//game/stats/68168/page-summary/,68169,https://gol.gg/game/stats/68169/page-timeline/,https://www.youtube.com/watch?v=kT4YBDwrQhQ,https://www.youtube.com/watch?v=kT4YBDwrQhQ,,,,
250522,BRO vs DK,1,28:52,https://gol.gg//game/stats/68165/page-summary/,68165,https://gol.gg/game/stats/68165/page-timeline/,https://www.youtube.com/watch?v=kT4YBDwrQhQ,https://www.youtube.com/watch?v=kT4YBDwrQhQ,,,,
250522,BRO vs DK,2,29:20,https://gol.gg//game/stats/68165/page-summary/,68166,https://gol.gg/game/stats/68166/page-timeline/,https://www.youtube.com/watch?v=kT4YBDwrQhQ,https://www.youtube.com/watch?v=kT4YBDwrQhQ,,,,
250523,NS vs KT,1,35:10,https://gol.gg//game/stats/68174/page-summary/,68174,https://gol.gg/game/stats/68174/page-timeline/,https://www.youtube.com/watch?v=9MNLWCwAvEk,https://www.youtube.com/watch?v=9MNLWCwAvEk,,,,
250523,NS vs KT,2,27:38,https://gol.gg//game/stats/68174/page-summary/,68175,https://gol.gg/game/stats/68175/page-timeline/,https://www.youtube.com/watch?v=9MNLWCwAvEk,https://www.youtube.com/watch?v=9MNLWCwAvEk,,,,
250523,NS vs KT,3,30:30,https://gol.gg//game/stats/68174/page-summary/,68176,https://gol.gg/game/stats/68176/page-timeline/,https://www.youtube.com/watch?v=9MNLWCwAvEk,https://www.youtube.com/watch?v=9MNLWCwAvEk,,,,
250523,GEN vs DRX,1,26:18,https://gol.gg//game/stats/68171/page-summary/,68171,https://gol.gg/game/stats/68171/page-timeline/,https://www.youtube.com/watch?v=9MNLWCwAvEk,https://www.youtube.com/watch?v=9MNLWCwAvEk,,,,
250523,GEN vs DRX,2,37:17,https://gol.gg//game/stats/68171/page-summary/,68172,https://gol.gg/game/stats/68172/page-timeline/,https://www.youtube.com/watch?v=9MNLWCwAvEk,https://www.youtube.com/watch?v=9MNLWCwAvEk,,,,
250524,DNF vs T1,1,27:20,https://gol.gg//game/stats/68180/page-summary/,68180,https://gol.gg/game/stats/68180/page-timeline/,https://www.youtube.com/watch?v=F09BDa3CGbc,https://www.youtube.com/watch?v=F09BDa3CGbc,,,,
250524,DNF vs T1,2,44:49,https://gol.gg//game/stats/68180/page-summary/,68181,https://gol.gg/game/stats/68181/page-timeline/,https://www.youtube.com/watch?v=F09BDa3CGbc,https://www.youtube.com/watch?v=F09BDa3CGbc,,,,
250524,HLE vs DK,1,30:04,https://gol.gg//game/stats/68177/page-summary/,68177,https://gol.gg/game/stats/68177/page-timeline/,https://www.youtube.com/watch?v=F09BDa3CGbc,https://www.youtube.com/watch?v=F09BDa3CGbc,,,,
250524,HLE vs DK,2,29:36,https://gol.gg//game/stats/68177/page-summary/,68178,https://gol.gg/game/stats/68178/page-timeline/,https://www.youtube.com/watch?v=F09BDa3CGbc,https://www.youtube.com/watch?v=F09BDa3CGbc,,,,
250524,HLE vs DK,3,33:59,https://gol.gg//game/stats/68177/page-summary/,68179,https://gol.gg/game/stats/68179/page-timeline/,https://www.youtube.com/watch?v=F09BDa3CGbc,https://www.youtube.com/watch?v=F09BDa3CGbc,,,,
250525,BFX vs KT,1,29:28,https://gol.gg//game/stats/68186/page-summary/,68186,https://gol.gg/game/stats/68186/page-timeline/,https://www.youtube.com/watch?v=u5oTQ9Dbkxc,https://www.youtube.com/watch?v=u5oTQ9Dbkxc,,,,
250525,BFX vs KT,2,35:49,https://gol.gg//game/stats/68186/page-summary/,68187,https://gol.gg/game/stats/68187/page-timeline/,https://www.youtube.com/watch?v=u5oTQ9Dbkxc,https://www.youtube.com/watch?v=u5oTQ9Dbkxc,,,,
250525,BFX vs KT,3,27:05,https://gol.gg//game/stats/68186/page-summary/,68188,https://gol.gg/game/stats/68188/page-timeline/,https://www.youtube.com/watch?v=u5oTQ9Dbkxc,https://www.youtube.com/watch?v=u5oTQ9Dbkxc,,,,
250525,BRO vs NS,1,33:09,https://gol.gg//game/stats/68183/page-summary/,68183,https://gol.gg/game/stats/68183/page-timeline/,https://www.youtube.com/watch?v=u5oTQ9Dbkxc,https://www.youtube.com/watch?v=u5oTQ9Dbkxc,,,,
250525,BRO vs NS,2,26:31,https://gol.gg//game/stats/68183/page-summary/,68184,https://gol.gg/game/stats/68184/page-timeline/,https://www.youtube.com/watch?v=u5oTQ9Dbkxc,https://www.youtube.com/watch?v=u5oTQ9Dbkxc,,,,
250525,BRO vs NS,3,35:51,https://gol.gg//game/stats/68183/page-summary/,68185,https://gol.gg/game/stats/68185/page-timeline/,https://www.youtube.com/watch?v=u5oTQ9Dbkxc,https://www.youtube.com/watch?v=u5oTQ9Dbkxc,,,,
250528,T1 vs HLE,1,33:37,https://gol.gg//game/stats/68487/page-summary/,68487,https://gol.gg/game/stats/68487/page-timeline/,https://www.youtube.com/watch?v=PDJxDU-raK4,https://www.youtube.com/watch?v=PDJxDU-raK4,,,,
250528,T1 vs HLE,2,34:30,https://gol.gg//game/stats/68487/page-summary/,68488,https://gol.gg/game/stats/68488/page-timeline/,https://www.youtube.com/watch?v=PDJxDU-raK4,https://www.youtube.com/watch?v=PDJxDU-raK4,,,,
250528,BFX vs DNF,1,35:00,https://gol.gg//game/stats/68484/page-summary/,68484,https://gol.gg/game/stats/68484/page-timeline/,https://www.youtube.com/watch?v=PDJxDU-raK4,https://www.youtube.com/watch?v=PDJxDU-raK4,,,,
250528,BFX vs DNF,2,28:39,https://gol.gg//game/stats/68484/page-summary/,68485,https://gol.gg/game/stats/68485/page-timeline/,https://www.youtube.com/watch?v=PDJxDU-raK4,https://www.youtube.com/watch?v=PDJxDU-raK4,,,,
250528,BFX vs DNF,3,30:26,https://gol.gg//game/stats/68484/page-summary/,68486,https://gol.gg/game/stats/68486/page-timeline/,https://www.youtube.com/watch?v=PDJxDU-raK4,https://www.youtube.com/watch?v=PDJxDU-raK4,,,,
250529,KT vs GEN,1,25:13,https://gol.gg//game/stats/68493/page-summary/,68493,https://gol.gg/game/stats/68493/page-timeline/,https://www.youtube.com/watch?v=sOClR9RIKYI,https://www.youtube.com/watch?v=sOClR9RIKYI,,,,
250529,KT vs GEN,2,29:36,https://gol.gg//game/stats/68493/page-summary/,68494,https://gol.gg/game/stats/68494/page-timeline/,https://www.youtube.com/watch?v=sOClR9RIKYI,https://www.youtube.com/watch?v=sOClR9RIKYI,,,,
250529,KT vs GEN,3,39:00,https://gol.gg//game/stats/68493/page-summary/,68495,https://gol.gg/game/stats/68495/page-timeline/,https://www.youtube.com/watch?v=sOClR9RIKYI,https://www.youtube.com/watch?v=sOClR9RIKYI,,,,
250529,DRX vs BRO,1,34:55,https://gol.gg//game/stats/68490/page-summary/,68490,https://gol.gg/game/stats/68490/page-timeline/,https://www.youtube.com/watch?v=sOClR9RIKYI,https://www.youtube.com/watch?v=sOClR9RIKYI,,,,
250529,DRX vs BRO,2,44:46,https://gol.gg//game/stats/68490/page-summary/,68491,https://gol.gg/game/stats/68491/page-timeline/,https://www.youtube.com/watch?v=sOClR9RIKYI,https://www.youtube.com/watch?v=sOClR9RIKYI,,,,
250529,DRX vs BRO,3,34:00,https://gol.gg//game/stats/68490/page-summary/,68492,https://gol.gg/game/stats/68492/page-timeline/,https://www.youtube.com/watch?v=sOClR9RIKYI,https://www.youtube.com/watch?v=sOClR9RIKYI,,,,
250530,DK vs DNF,1,43:07,https://gol.gg//game/stats/68499/page-summary/,68499,https://gol.gg/game/stats/68499/page-timeline/,https://www.youtube.com/watch?v=D9FUVkcYUKQ,https://www.youtube.com/watch?v=D9FUVkcYUKQ,,,,
250530,DK vs DNF,2,33:24,https://gol.gg//game/stats/68499/page-summary/,68500,https://gol.gg/game/stats/68500/page-timeline/,https://www.youtube.com/watch?v=D9FUVkcYUKQ,https://www.youtube.com/watch?v=D9FUVkcYUKQ,,,,
250530,DK vs DNF,3,28:29,https://gol.gg//game/stats/68499/page-summary/,68501,https://gol.gg/game/stats/68501/page-timeline/,https://www.youtube.com/watch?v=D9FUVkcYUKQ,https://www.youtube.com/watch?v=D9FUVkcYUKQ,,,,
250530,NS vs T1,1,28:54,https://gol.gg//game/stats/68496/page-summary/,68496,https://gol.gg/game/stats/68496/page-timeline/,https://www.youtube.com/watch?v=D9FUVkcYUKQ,https://www.youtube.com/watch?v=D9FUVkcYUKQ,,,,
250530,NS vs T1,2,34:44,https://gol.gg//game/stats/68496/page-summary/,68497,https://gol.gg/game/stats/68497/page-timeline/,https://www.youtube.com/watch?v=D9FUVkcYUKQ,https://www.youtube.com/watch?v=D9FUVkcYUKQ,,,,
250531,BRO vs GEN,1,34:25,https://gol.gg//game/stats/68505/page-summary/,68505,https://gol.gg/game/stats/68505/page-timeline/,https://www.youtube.com/watch?v=ABHO-wBiu9Q,https://www.youtube.com/watch?v=ABHO-wBiu9Q,,,,
250531,BRO vs GEN,2,26:17,https://gol.gg//game/stats/68505/page-summary/,68506,https://gol.gg/game/stats/68506/page-timeline/,https://www.youtube.com/watch?v=ABHO-wBiu9Q,https://www.youtube.com/watch?v=ABHO-wBiu9Q,,,,
250531,KT vs DRX,1,30:56,https://gol.gg//game/stats/68502/page-summary/,68502,https://gol.gg/game/stats/68502/page-timeline/,https://www.youtube.com/watch?v=ABHO-wBiu9Q,https://www.youtube.com/watch?v=ABHO-wBiu9Q,,,,
250531,KT vs DRX,2,32:03,https://gol.gg//game/stats/68502/page-summary/,68503,https://gol.gg/game/stats/68503/page-timeline/,https://www.youtube.com/watch?v=ABHO-wBiu9Q,https://www.youtube.com/watch?v=ABHO-wBiu9Q,,,,
250601,DK vs NS,1,29:06,https://gol.gg//game/stats/68511/page-summary/,68511,https://gol.gg/game/stats/68511/page-timeline/,https://www.youtube.com/watch?v=n-m19PVdRZE,https://www.youtube.com/watch?v=n-m19PVdRZE,,,,
250601,DK vs NS,2,27:11,https://gol.gg//game/stats/68511/page-summary/,68512,https://gol.gg/game/stats/68512/page-timeline/,https://www.youtube.com/watch?v=n-m19PVdRZE,https://www.youtube.com/watch?v=n-m19PVdRZE,,,,
250601,DK vs NS,3,27:58,https://gol.gg//game/stats/68511/page-summary/,68513,https://gol.gg/game/stats/68513/page-timeline/,https://www.youtube.com/watch?v=n-m19PVdRZE,https://www.youtube.com/watch?v=n-m19PVdRZE,,,,
250601,HLE vs BFX,1,26:59,https://gol.gg//game/stats/68508/page-summary/,68508,https://gol.gg/game/stats/68508/page-timeline/,https://www.youtube.com/watch?v=n-m19PVdRZE,https://www.youtube.com/watch?v=n-m19PVdRZE,,,,
250601,HLE vs BFX,2,26:57,https://gol.gg//game/stats/68508/page-summary/,68509,https://gol.gg/game/stats/68509/page-timeline/,https://www.youtube.com/watch?v=n-m19PVdRZE,https://www.youtube.com/watch?v=n-m19PVdRZE,,,,
250604,DK vs KT,1,37:12,https://gol.gg//game/stats/68739/page-summary/,68739,https://gol.gg/game/stats/68739/page-timeline/,https://www.youtube.com/watch?v=drSlkhozMb0,https://www.youtube.com/watch?v=drSlkhozMb0,,,,
250604,DK vs KT,2,35:26,https://gol.gg//game/stats/68739/page-summary/,68740,https://gol.gg/game/stats/68740/page-timeline/,https://www.youtube.com/watch?v=drSlkhozMb0,https://www.youtube.com/watch?v=drSlkhozMb0,,,,
250604,DK vs KT,3,35:30,https://gol.gg//game/stats/68739/page-summary/,68741,https://gol.gg/game/stats/68741/page-timeline/,https://www.youtube.com/watch?v=drSlkhozMb0,https://www.youtube.com/watch?v=drSlkhozMb0,,,,
250607,KT vs DK,1,38:15,https://gol.gg//game/stats/68860/page-summary/,68860,https://gol.gg/game/stats/68860/page-timeline/,https://www.youtube.com/watch?v=7ARt1UzhIlc,https://www.youtube.com/watch?v=7ARt1UzhIlc,,,,
250607,KT vs DK,2,28:57,https://gol.gg//game/stats/68860/page-summary/,68861,https://gol.gg/game/stats/68861/page-timeline/,https://www.youtube.com/watch?v=7ARt1UzhIlc,https://www.youtube.com/watch?v=7ARt1UzhIlc,,,,
250607,KT vs DK,3,33:31,https://gol.gg//game/stats/68860/page-summary/,68862,https://gol.gg/game/stats/68862/page-timeline/,https://www.youtube.com/watch?v=7ARt1UzhIlc,https://www.youtube.com/watch?v=7ARt1UzhIlc,,,,
250608,NS vs KT,1,27:46,https://gol.gg//game/stats/68990/page-summary/,68990,https://gol.gg/game/stats/68990/page-timeline/,https://www.youtube.com/watch?v=ANB55gRNvlw,https://www.youtube.com/watch?v=ANB55gRNvlw,,,,
250608,NS vs KT,2,26:48,https://gol.gg//game/stats/68990/page-summary/,68991,https://gol.gg/game/stats/68991/page-timeline/,https://www.youtube.com/watch?v=ANB55gRNvlw,https://www.youtube.com/watch?v=ANB55gRNvlw,,,,
250608,NS vs KT,3,29:06,https://gol.gg//game/stats/68990/page-summary/,68992,https://gol.gg/game/stats/68992/page-timeline/,https://www.youtube.com/watch?v=ANB55gRNvlw,https://www.youtube.com/watch?v=ANB55gRNvlw,,,,
250613,GEN vs HLE,1,49:04,https://gol.gg//game/stats/68995/page-summary/,68995,https://gol.gg/game/stats/68995/page-timeline/,https://www.youtube.com/watch?v=EvT6cIt1CLw,https://www.youtube.com/watch?v=EvT6cIt1CLw,,,,
250613,GEN vs HLE,2,33:13,https://gol.gg//game/stats/68995/page-summary/,68996,https://gol.gg/game/stats/68996/page-timeline/,https://www.youtube.com/watch?v=EvT6cIt1CLw,https://www.youtube.com/watch?v=EvT6cIt1CLw,,,,
250613,GEN vs HLE,3,28:54,https://gol.gg//game/stats/68995/page-summary/,68997,https://gol.gg/game/stats/68997/page-timeline/,https://www.youtube.com/watch?v=EvT6cIt1CLw,https://www.youtube.com/watch?v=EvT6cIt1CLw,,,,
250613,GEN vs HLE,4,32:21,https://gol.gg//game/stats/68995/page-summary/,68998,https://gol.gg/game/stats/68998/page-timeline/,https://www.youtube.com/watch?v=EvT6cIt1CLw,https://www.youtube.com/watch?v=EvT6cIt1CLw,,,,
250613,GEN vs HLE,5,34:44,https://gol.gg//game/stats/68995/page-summary/,68999,https://gol.gg/game/stats/68999/page-timeline/,https://www.youtube.com/watch?v=EvT6cIt1CLw,https://www.youtube.com/watch?v=EvT6cIt1CLw,,,,
250614,T1 vs KT,1,35:33,https://gol.gg//game/stats/69136/page-summary/,69136,https://gol.gg/game/stats/69136/page-timeline/,https://www.youtube.com/watch?v=zHCJfq-BzzA,https://www.youtube.com/watch?v=zHCJfq-BzzA,,,,
250614,T1 vs KT,2,31:31,https://gol.gg//game/stats/69136/page-summary/,69137,https://gol.gg/game/stats/69137/page-timeline/,https://www.youtube.com/watch?v=zHCJfq-BzzA,https://www.youtube.com/watch?v=zHCJfq-BzzA,,,,
250614,T1 vs KT,3,33:35,https://gol.gg//game/stats/69136/page-summary/,69138,https://gol.gg/game/stats/69138/page-timeline/,https://www.youtube.com/watch?v=zHCJfq-BzzA,https://www.youtube.com/watch?v=zHCJfq-BzzA,,,,
250614,T1 vs KT,4,30:53,https://gol.gg//game/stats/69136/page-summary/,69139,https://gol.gg/game/stats/69139/page-timeline/,https://www.youtube.com/watch?v=zHCJfq-BzzA,https://www.youtube.com/watch?v=zHCJfq-BzzA,,,,
250615,HLE vs T1,1,30:55,https://gol.gg//game/stats/69151/page-summary/,69151,https://gol.gg/game/stats/69151/page-timeline/,https://www.youtube.com/watch?v=rar7cKp9PNk,https://www.youtube.com/watch?v=rar7cKp9PNk,,,,
250615,HLE vs T1,2,33:55,https://gol.gg//game/stats/69151/page-summary/,69152,https://gol.gg/game/stats/69152/page-timeline/,https://www.youtube.com/watch?v=rar7cKp9PNk,https://www.youtube.com/watch?v=rar7cKp9PNk,,,,
250615,HLE vs T1,3,25:31,https://gol.gg//game/stats/69151/page-summary/,69153,https://gol.gg/game/stats/69153/page-timeline/,https://www.youtube.com/watch?v=rar7cKp9PNk,https://www.youtube.com/watch?v=rar7cKp9PNk,,,,
250723,GEN vs HLE,1,28:36,https://gol.gg//game/stats/69476/page-summary/,69476,https://gol.gg/game/stats/69476/page-timeline/,https://www.youtube.com/watch?v=OtuMpNI7byY,https://www.youtube.com/watch?v=OtuMpNI7byY,,,,
250723,GEN vs HLE,2,43:07,https://gol.gg//game/stats/69476/page-summary/,69477,https://gol.gg/game/stats/69477/page-timeline/,https://www.youtube.com/watch?v=OtuMpNI7byY,https://www.youtube.com/watch?v=OtuMpNI7byY,,,,
250723,DK vs BRO,1,34:27,https://gol.gg//game/stats/69473/page-summary/,69473,https://gol.gg/game/stats/69473/page-timeline/,https://www.youtube.com/watch?v=OtuMpNI7byY,https://www.youtube.com/watch?v=OtuMpNI7byY,,,,
250723,DK vs BRO,2,32:51,https://gol.gg//game/stats/69473/page-summary/,69474,https://gol.gg/game/stats/69474/page-timeline/,https://www.youtube.com/watch?v=OtuMpNI7byY,https://www.youtube.com/watch?v=OtuMpNI7byY,,,,
250723,DK vs BRO,3,27:35,https://gol.gg//game/stats/69473/page-summary/,69475,https://gol.gg/game/stats/69475/page-timeline/,https://www.youtube.com/watch?v=OtuMpNI7byY,https://www.youtube.com/watch?v=OtuMpNI7byY,,,,
250724,KT vs NS,1,41:24,https://gol.gg//game/stats/69982/page-summary/,69982,https://gol.gg/game/stats/69982/page-timeline/,https://www.youtube.com/watch?v=z3ntowf-Rq4,https://www.youtube.com/watch?v=z3ntowf-Rq4,,,,
250724,KT vs NS,2,27:03,https://gol.gg//game/stats/69982/page-summary/,69983,https://gol.gg/game/stats/69983/page-timeline/,https://www.youtube.com/watch?v=z3ntowf-Rq4,https://www.youtube.com/watch?v=z3ntowf-Rq4,,,,
250724,DNF vs BFX,1,29:58,https://gol.gg//game/stats/69979/page-summary/,69979,https://gol.gg/game/stats/69979/page-timeline/,https://www.youtube.com/watch?v=z3ntowf-Rq4,https://www.youtube.com/watch?v=z3ntowf-Rq4,,,,
250724,DNF vs BFX,2,28:40,https://gol.gg//game/stats/69979/page-summary/,69980,https://gol.gg/game/stats/69980/page-timeline/,https://www.youtube.com/watch?v=z3ntowf-Rq4,https://www.youtube.com/watch?v=z3ntowf-Rq4,,,,
250725,BRO vs DRX,1,31:35,https://gol.gg//game/stats/69988/page-summary/,69988,https://gol.gg/game/stats/69988/page-timeline/,https://www.youtube.com/watch?v=HpQrE1VCUe4,https://www.youtube.com/watch?v=HpQrE1VCUe4,,,,
250725,BRO vs DRX,2,34:58,https://gol.gg//game/stats/69988/page-summary/,69989,https://gol.gg/game/stats/69989/page-timeline/,https://www.youtube.com/watch?v=HpQrE1VCUe4,https://www.youtube.com/watch?v=HpQrE1VCUe4,,,,
250725,BRO vs DRX,3,35:01,https://gol.gg//game/stats/69988/page-summary/,69990,https://gol.gg/game/stats/69990/page-timeline/,https://www.youtube.com/watch?v=HpQrE1VCUe4,https://www.youtube.com/watch?v=HpQrE1VCUe4,,,,
250725,T1 vs GEN,1,30:09,https://gol.gg//game/stats/69985/page-summary/,69985,https://gol.gg/game/stats/69985/page-timeline/,https://www.youtube.com/watch?v=HpQrE1VCUe4,https://www.youtube.com/watch?v=HpQrE1VCUe4,,,,
250725,T1 vs GEN,2,30:35,https://gol.gg//game/stats/69985/page-summary/,69986,https://gol.gg/game/stats/69986/page-timeline/,https://www.youtube.com/watch?v=HpQrE1VCUe4,https://www.youtube.com/watch?v=HpQrE1VCUe4,,,,
250725,T1 vs GEN,3,27:28,https://gol.gg//game/stats/69985/page-summary/,69987,https://gol.gg/game/stats/69987/page-timeline/,https://www.youtube.com/watch?v=HpQrE1VCUe4,https://www.youtube.com/watch?v=HpQrE1VCUe4,,,,
250726,HLE vs KT,1,36:28,https://gol.gg//game/stats/69994/page-summary/,69994,https://gol.gg/game/stats/69994/page-timeline/,https://www.youtube.com/watch?v=gYoOWWp31uM,https://www.youtube.com/watch?v=gYoOWWp31uM,,,,
250726,HLE vs KT,2,28:49,https://gol.gg//game/stats/69994/page-summary/,69995,https://gol.gg/game/stats/69995/page-timeline/,https://www.youtube.com/watch?v=gYoOWWp31uM,https://www.youtube.com/watch?v=gYoOWWp31uM,,,,
250726,DK vs BFX,1,32:46,https://gol.gg//game/stats/69991/page-summary/,69991,https://gol.gg/game/stats/69991/page-timeline/,https://www.youtube.com/watch?v=gYoOWWp31uM,https://www.youtube.com/watch?v=gYoOWWp31uM,,,,
250726,DK vs BFX,2,39:46,https://gol.gg//game/stats/69991/page-summary/,69992,https://gol.gg/game/stats/69992/page-timeline/,https://www.youtube.com/watch?v=gYoOWWp31uM,https://www.youtube.com/watch?v=gYoOWWp31uM,,,,
250727,T1 vs NS,1,30:29,https://gol.gg//game/stats/70000/page-summary/,70000,https://gol.gg/game/stats/70000/page-timeline/,https://www.youtube.com/watch?v=gHsa0mBF8vw,https://www.youtube.com/watch?v=gHsa0mBF8vw,,,,
250727,T1 vs NS,2,28:47,https://gol.gg//game/stats/70000/page-summary/,70001,https://gol.gg/game/stats/70001/page-timeline/,https://www.youtube.com/watch?v=gHsa0mBF8vw,https://www.youtube.com/watch?v=gHsa0mBF8vw,,,,
250727,DNF vs DRX,1,39:39,https://gol.gg//game/stats/69997/page-summary/,69997,https://gol.gg/game/stats/69997/page-timeline/,https://www.youtube.com/watch?v=gHsa0mBF8vw,https://www.youtube.com/watch?v=gHsa0mBF8vw,,,,
250727,DNF vs DRX,2,35:09,https://gol.gg//game/stats/69997/page-summary/,69998,https://gol.gg/game/stats/69998/page-timeline/,https://www.youtube.com/watch?v=gHsa0mBF8vw,https://www.youtube.com/watch?v=gHsa0mBF8vw,,,,
250727,DNF vs DRX,3,35:48,https://gol.gg//game/stats/69997/page-summary/,69999,https://gol.gg/game/stats/69999/page-timeline/,https://www.youtube.com/watch?v=gHsa0mBF8vw,https://www.youtube.com/watch?v=gHsa0mBF8vw,,,,
250730,KT vs T1,1,26:29,https://gol.gg//game/stats/70128/page-summary/,70128,https://gol.gg/game/stats/70128/page-timeline/,https://www.youtube.com/watch?v=jlgzkC1i1lg,https://www.youtube.com/watch?v=jlgzkC1i1lg,,,,
250730,KT vs T1,2,27:36,https://gol.gg//game/stats/70128/page-summary/,70129,https://gol.gg/game/stats/70129/page-timeline/,https://www.youtube.com/watch?v=jlgzkC1i1lg,https://www.youtube.com/watch?v=jlgzkC1i1lg,,,,
250730,DRX vs DK,1,49:53,https://gol.gg//game/stats/70125/page-summary/,70125,https://gol.gg/game/stats/70125/page-timeline/,https://www.youtube.com/watch?v=jlgzkC1i1lg,https://www.youtube.com/watch?v=jlgzkC1i1lg,,,,
250730,DRX vs DK,2,35:44,https://gol.gg//game/stats/70125/page-summary/,70126,https://gol.gg/game/stats/70126/page-timeline/,https://www.youtube.com/watch?v=jlgzkC1i1lg,https://www.youtube.com/watch?v=jlgzkC1i1lg,,,,
250730,DRX vs DK,3,44:59,https://gol.gg//game/stats/70125/page-summary/,70127,https://gol.gg/game/stats/70127/page-timeline/,https://www.youtube.com/watch?v=jlgzkC1i1lg,https://www.youtube.com/watch?v=jlgzkC1i1lg,,,,
250731,NS vs HLE,1,27:02,https://gol.gg//game/stats/70134/page-summary/,70134,https://gol.gg/game/stats/70134/page-timeline/,https://www.youtube.com/watch?v=ATpPvKnQSpk,https://www.youtube.com/watch?v=ATpPvKnQSpk,,,,
250731,NS vs HLE,2,29:35,https://gol.gg//game/stats/70134/page-summary/,70135,https://gol.gg/game/stats/70135/page-timeline/,https://www.youtube.com/watch?v=ATpPvKnQSpk,https://www.youtube.com/watch?v=ATpPvKnQSpk,,,,
250731,BFX vs BRO,1,40:39,https://gol.gg//game/stats/70131/page-summary/,70131,https://gol.gg/game/stats/70131/page-timeline/,https://www.youtube.com/watch?v=ATpPvKnQSpk,https://www.youtube.com/watch?v=ATpPvKnQSpk,,,,
250731,BFX vs BRO,2,30:30,https://gol.gg//game/stats/70131/page-summary/,70132,https://gol.gg/game/stats/70132/page-timeline/,https://www.youtube.com/watch?v=ATpPvKnQSpk,https://www.youtube.com/watch?v=ATpPvKnQSpk,,,,
250801,DK vs DNF,1,29:08,https://gol.gg//game/stats/70140/page-summary/,70140,https://gol.gg/game/stats/70140/page-timeline/,https://www.youtube.com/watch?v=5-gCsDPpl1Q,https://www.youtube.com/watch?v=5-gCsDPpl1Q,,,,
250801,DK vs DNF,2,36:41,https://gol.gg//game/stats/70140/page-summary/,70141,https://gol.gg/game/stats/70141/page-timeline/,https://www.youtube.com/watch?v=5-gCsDPpl1Q,https://www.youtube.com/watch?v=5-gCsDPpl1Q,,,,
250801,GEN vs KT,1,36:21,https://gol.gg//game/stats/70137/page-summary/,70137,https://gol.gg/game/stats/70137/page-timeline/,https://www.youtube.com/watch?v=5-gCsDPpl1Q,https://www.youtube.com/watch?v=5-gCsDPpl1Q,,,,
250801,GEN vs KT,2,34:32,https://gol.gg//game/stats/70137/page-summary/,70138,https://gol.gg/game/stats/70138/page-timeline/,https://www.youtube.com/watch?v=5-gCsDPpl1Q,https://www.youtube.com/watch?v=5-gCsDPpl1Q,,,,
250802,BFX vs DRX,1,33:00,https://gol.gg//game/stats/70146/page-summary/,70146,https://gol.gg/game/stats/70146/page-timeline/,https://www.youtube.com/watch?v=cNlBZUsNHJM,https://www.youtube.com/watch?v=cNlBZUsNHJM,,,,
250802,BFX vs DRX,2,34:57,https://gol.gg//game/stats/70146/page-summary/,70147,https://gol.gg/game/stats/70147/page-timeline/,https://www.youtube.com/watch?v=cNlBZUsNHJM,https://www.youtube.com/watch?v=cNlBZUsNHJM,,,,
250802,BFX vs DRX,3,28:03,https://gol.gg//game/stats/70146/page-summary/,70148,https://gol.gg/game/stats/70148/page-timeline/,https://www.youtube.com/watch?v=cNlBZUsNHJM,https://www.youtube.com/watch?v=cNlBZUsNHJM,,,,
250802,T1 vs HLE,1,30:09,https://gol.gg//game/stats/70143/page-summary/,70143,https://gol.gg/game/stats/70143/page-timeline/,https://www.youtube.com/watch?v=cNlBZUsNHJM,https://www.youtube.com/watch?v=cNlBZUsNHJM,,,,
250802,T1 vs HLE,2,38:46,https://gol.gg//game/stats/70143/page-summary/,70144,https://gol.gg/game/stats/70144/page-timeline/,https://www.youtube.com/watch?v=cNlBZUsNHJM,https://www.youtube.com/watch?v=cNlBZUsNHJM,,,,
250803,NS vs GEN,1,29:13,https://gol.gg//game/stats/70152/page-summary/,70152,https://gol.gg/game/stats/70152/page-timeline/,https://www.youtube.com/watch?v=_udqiY9zACM,https://www.youtube.com/watch?v=_udqiY9zACM,,,,
250803,NS vs GEN,2,27:39,https://gol.gg//game/stats/70152/page-summary/,70153,https://gol.gg/game/stats/70153/page-timeline/,https://www.youtube.com/watch?v=_udqiY9zACM,https://www.youtube.com/watch?v=_udqiY9zACM,,,,
250803,DNF vs BRO,1,33:26,https://gol.gg//game/stats/70149/page-summary/,70149,https://gol.gg/game/stats/70149/page-timeline/,https://www.youtube.com/watch?v=_udqiY9zACM,https://www.youtube.com/watch?v=_udqiY9zACM,,,,
250803,DNF vs BRO,2,43:04,https://gol.gg//game/stats/70149/page-summary/,70150,https://gol.gg/game/stats/70150/page-timeline/,https://www.youtube.com/watch?v=_udqiY9zACM,https://www.youtube.com/watch?v=_udqiY9zACM,,,,
250806,BRO vs BFX,1,31:57,https://gol.gg//game/stats/70609/page-summary/,70609,https://gol.gg/game/stats/70609/page-timeline/,https://www.youtube.com/watch?v=l6gApyENr1A,https://www.youtube.com/watch?v=l6gApyENr1A,,,,
250806,BRO vs BFX,2,40:33,https://gol.gg//game/stats/70609/page-summary/,70610,https://gol.gg/game/stats/70610/page-timeline/,https://www.youtube.com/watch?v=l6gApyENr1A,https://www.youtube.com/watch?v=l6gApyENr1A,,,,
250806,HLE vs NS,1,29:03,https://gol.gg//game/stats/70606/page-summary/,70606,https://gol.gg/game/stats/70606/page-timeline/,https://www.youtube.com/watch?v=l6gApyENr1A,https://www.youtube.com/watch?v=l6gApyENr1A,,,,
250806,HLE vs NS,2,38:13,https://gol.gg//game/stats/70606/page-summary/,70607,https://gol.gg/game/stats/70607/page-timeline/,https://www.youtube.com/watch?v=l6gApyENr1A,https://www.youtube.com/watch?v=l6gApyENr1A,,,,
250807,GEN vs T1,1,31:47,https://gol.gg//game/stats/70615/page-summary/,70615,https://gol.gg/game/stats/70615/page-timeline/,https://www.youtube.com/watch?v=GZ2HKDw3Ago,https://www.youtube.com/watch?v=GZ2HKDw3Ago,,,,
250807,GEN vs T1,2,30:09,https://gol.gg//game/stats/70615/page-summary/,70616,https://gol.gg/game/stats/70616/page-timeline/,https://www.youtube.com/watch?v=GZ2HKDw3Ago,https://www.youtube.com/watch?v=GZ2HKDw3Ago,,,,
250807,GEN vs T1,3,26:54,https://gol.gg//game/stats/70615/page-summary/,70617,https://gol.gg/game/stats/70617/page-timeline/,https://www.youtube.com/watch?v=GZ2HKDw3Ago,https://www.youtube.com/watch?v=GZ2HKDw3Ago,,,,
250807,DRX vs DNF,1,36:07,https://gol.gg//game/stats/70612/page-summary/,70612,https://gol.gg/game/stats/70612/page-timeline/,https://www.youtube.com/watch?v=GZ2HKDw3Ago,https://www.youtube.com/watch?v=GZ2HKDw3Ago,,,,
250807,DRX vs DNF,2,34:29,https://gol.gg//game/stats/70612/page-summary/,70613,https://gol.gg/game/stats/70613/page-timeline/,https://www.youtube.com/watch?v=GZ2HKDw3Ago,https://www.youtube.com/watch?v=GZ2HKDw3Ago,,,,
250807,DRX vs DNF,3,29:44,https://gol.gg//game/stats/70612/page-summary/,70614,https://gol.gg/game/stats/70614/page-timeline/,https://www.youtube.com/watch?v=GZ2HKDw3Ago,https://www.youtube.com/watch?v=GZ2HKDw3Ago,,,,
250808,KT vs HLE,1,38:02,https://gol.gg//game/stats/70621/page-summary/,70621,https://gol.gg/game/stats/70621/page-timeline/,https://www.youtube.com/watch?v=3bmmhBTxEHA,https://www.youtube.com/watch?v=3bmmhBTxEHA,,,,
250808,KT vs HLE,2,28:35,https://gol.gg//game/stats/70621/page-summary/,70622,https://gol.gg/game/stats/70622/page-timeline/,https://www.youtube.com/watch?v=3bmmhBTxEHA,https://www.youtube.com/watch?v=3bmmhBTxEHA,,,,
250808,BFX vs DK,1,35:19,https://gol.gg//game/stats/70618/page-summary/,70618,https://gol.gg/game/stats/70618/page-timeline/,https://www.youtube.com/watch?v=3bmmhBTxEHA,https://www.youtube.com/watch?v=3bmmhBTxEHA,,,,
250808,BFX vs DK,2,32:30,https://gol.gg//game/stats/70618/page-summary/,70619,https://gol.gg/game/stats/70619/page-timeline/,https://www.youtube.com/watch?v=3bmmhBTxEHA,https://www.youtube.com/watch?v=3bmmhBTxEHA,,,,
250809,NS vs T1,1,28:01,https://gol.gg//game/stats/70627/page-summary/,70627,https://gol.gg/game/stats/70627/page-timeline/,https://www.youtube.com/watch?v=_xgD3lymeTA,https://www.youtube.com/watch?v=_xgD3lymeTA,,,,
250809,NS vs T1,2,27:00,https://gol.gg//game/stats/70627/page-summary/,70628,https://gol.gg/game/stats/70628/page-timeline/,https://www.youtube.com/watch?v=_xgD3lymeTA,https://www.youtube.com/watch?v=_xgD3lymeTA,,,,
250809,DRX vs BRO,1,30:41,https://gol.gg//game/stats/70624/page-summary/,70624,https://gol.gg/game/stats/70624/page-timeline/,https://www.youtube.com/watch?v=_xgD3lymeTA,https://www.youtube.com/watch?v=_xgD3lymeTA,,,,
250809,DRX vs BRO,2,28:34,https://gol.gg//game/stats/70624/page-summary/,70625,https://gol.gg/game/stats/70625/page-timeline/,https://www.youtube.com/watch?v=_xgD3lymeTA,https://www.youtube.com/watch?v=_xgD3lymeTA,,,,
250809,DRX vs BRO,3,29:02,https://gol.gg//game/stats/70624/page-summary/,70626,https://gol.gg/game/stats/70626/page-timeline/,https://www.youtube.com/watch?v=_xgD3lymeTA,https://www.youtube.com/watch?v=_xgD3lymeTA,,,,
250810,DNF vs DK,1,41:12,https://gol.gg//game/stats/70633/page-summary/,70633,https://gol.gg/game/stats/70633/page-timeline/,https://www.youtube.com/watch?v=l8UJ_WqKk30,https://www.youtube.com/watch?v=l8UJ_WqKk30,,,,
250810,DNF vs DK,2,31:47,https://gol.gg//game/stats/70633/page-summary/,70634,https://gol.gg/game/stats/70634/page-timeline/,https://www.youtube.com/watch?v=l8UJ_WqKk30,https://www.youtube.com/watch?v=l8UJ_WqKk30,,,,
250810,KT vs GEN,1,33:52,https://gol.gg//game/stats/70630/page-summary/,70630,https://gol.gg/game/stats/70630/page-timeline/,https://www.youtube.com/watch?v=l8UJ_WqKk30,https://www.youtube.com/watch?v=l8UJ_WqKk30,,,,
250810,KT vs GEN,2,27:57,https://gol.gg//game/stats/70630/page-summary/,70631,https://gol.gg/game/stats/70631/page-timeline/,https://www.youtube.com/watch?v=l8UJ_WqKk30,https://www.youtube.com/watch?v=l8UJ_WqKk30,,,,
250813,BFX vs DNF,1,35:51,https://gol.gg//game/stats/70941/page-summary/,70941,https://gol.gg/game/stats/70941/page-timeline/,https://www.youtube.com/watch?v=h9ZInAQY0eA,https://www.youtube.com/watch?v=h9ZInAQY0eA,,,,
250813,BFX vs DNF,2,28:22,https://gol.gg//game/stats/70941/page-summary/,70942,https://gol.gg/game/stats/70942/page-timeline/,https://www.youtube.com/watch?v=h9ZInAQY0eA,https://www.youtube.com/watch?v=h9ZInAQY0eA,,,,
250813,BFX vs DNF,3,26:40,https://gol.gg//game/stats/70941/page-summary/,70943,https://gol.gg/game/stats/70943/page-timeline/,https://www.youtube.com/watch?v=h9ZInAQY0eA,https://www.youtube.com/watch?v=h9ZInAQY0eA,,,,
250813,T1 vs KT,1,23:31,https://gol.gg//game/stats/70938/page-summary/,70938,https://gol.gg/game/stats/70938/page-timeline/,https://www.youtube.com/watch?v=h9ZInAQY0eA,https://www.youtube.com/watch?v=h9ZInAQY0eA,,,,
250813,T1 vs KT,2,26:23,https://gol.gg//game/stats/70938/page-summary/,70939,https://gol.gg/game/stats/70939/page-timeline/,https://www.youtube.com/watch?v=h9ZInAQY0eA,https://www.youtube.com/watch?v=h9ZInAQY0eA,,,,
250814,DK vs DRX,1,41:50,https://gol.gg//game/stats/70947/page-summary/,70947,https://gol.gg/game/stats/70947/page-timeline/,https://www.youtube.com/watch?v=E_588_-CsSs,https://www.youtube.com/watch?v=E_588_-CsSs,,,,
250814,DK vs DRX,2,31:46,https://gol.gg//game/stats/70947/page-summary/,70948,https://gol.gg/game/stats/70948/page-timeline/,https://www.youtube.com/watch?v=E_588_-CsSs,https://www.youtube.com/watch?v=E_588_-CsSs,,,,
250814,GEN vs NS,1,24:31,https://gol.gg//game/stats/70944/page-summary/,70944,https://gol.gg/game/stats/70944/page-timeline/,https://www.youtube.com/watch?v=E_588_-CsSs,https://www.youtube.com/watch?v=E_588_-CsSs,,,,
250814,GEN vs NS,2,24:22,https://gol.gg//game/stats/70944/page-summary/,70945,https://gol.gg/game/stats/70945/page-timeline/,https://www.youtube.com/watch?v=E_588_-CsSs,https://www.youtube.com/watch?v=E_588_-CsSs,,,,
250815,HLE vs T1,1,34:02,https://gol.gg//game/stats/70953/page-summary/,70953,https://gol.gg/game/stats/70953/page-timeline/,https://www.youtube.com/watch?v=fStL35aU840,https://www.youtube.com/watch?v=fStL35aU840,,,,
250815,HLE vs T1,2,39:57,https://gol.gg//game/stats/70953/page-summary/,70954,https://gol.gg/game/stats/70954/page-timeline/,https://www.youtube.com/watch?v=fStL35aU840,https://www.youtube.com/watch?v=fStL35aU840,,,,
250815,BRO vs DNF,1,35:48,https://gol.gg//game/stats/70950/page-summary/,70950,https://gol.gg/game/stats/70950/page-timeline/,https://www.youtube.com/watch?v=fStL35aU840,https://www.youtube.com/watch?v=fStL35aU840,,,,
250815,BRO vs DNF,2,31:03,https://gol.gg//game/stats/70950/page-summary/,70951,https://gol.gg/game/stats/70951/page-timeline/,https://www.youtube.com/watch?v=fStL35aU840,https://www.youtube.com/watch?v=fStL35aU840,,,,
250815,BRO vs DNF,3,27:03,https://gol.gg//game/stats/70950/page-summary/,70952,https://gol.gg/game/stats/70952/page-timeline/,https://www.youtube.com/watch?v=fStL35aU840,https://www.youtube.com/watch?v=fStL35aU840,,,,
250816,DRX vs BFX,1,31:01,https://gol.gg//game/stats/70959/page-summary/,70959,https://gol.gg/game/stats/70959/page-timeline/,https://www.youtube.com/watch?v=Ag7u3aaNNFA,https://www.youtube.com/watch?v=Ag7u3aaNNFA,,,,
250816,DRX vs BFX,2,29:38,https://gol.gg//game/stats/70959/page-summary/,70960,https://gol.gg/game/stats/70960/page-timeline/,https://www.youtube.com/watch?v=Ag7u3aaNNFA,https://www.youtube.com/watch?v=Ag7u3aaNNFA,,,,
250816,DRX vs BFX,3,30:00,https://gol.gg//game/stats/70959/page-summary/,70961,https://gol.gg/game/stats/70961/page-timeline/,https://www.youtube.com/watch?v=Ag7u3aaNNFA,https://www.youtube.com/watch?v=Ag7u3aaNNFA,,,,
250816,NS vs KT,1,32:31,https://gol.gg//game/stats/70956/page-summary/,70956,https://gol.gg/game/stats/70956/page-timeline/,https://www.youtube.com/watch?v=Ag7u3aaNNFA,https://www.youtube.com/watch?v=Ag7u3aaNNFA,,,,
250816,NS vs KT,2,28:36,https://gol.gg//game/stats/70956/page-summary/,70957,https://gol.gg/game/stats/70957/page-timeline/,https://www.youtube.com/watch?v=Ag7u3aaNNFA,https://www.youtube.com/watch?v=Ag7u3aaNNFA,,,,
250816,NS vs KT,3,28:26,https://gol.gg//game/stats/70956/page-summary/,70958,https://gol.gg/game/stats/70958/page-timeline/,https://www.youtube.com/watch?v=Ag7u3aaNNFA,https://www.youtube.com/watch?v=Ag7u3aaNNFA,,,,
250817,BRO vs DK,1,36:20,https://gol.gg//game/stats/70965/page-summary/,70965,https://gol.gg/game/stats/70965/page-timeline/,https://www.youtube.com/watch?v=BLsafyzBMBg,https://www.youtube.com/watch?v=BLsafyzBMBg,,,,
250817,BRO vs DK,2,27:51,https://gol.gg//game/stats/70965/page-summary/,70966,https://gol.gg/game/stats/70966/page-timeline/,https://www.youtube.com/watch?v=BLsafyzBMBg,https://www.youtube.com/watch?v=BLsafyzBMBg,,,,
250817,HLE vs GEN,1,28:35,https://gol.gg//game/stats/70962/page-summary/,70962,https://gol.gg/game/stats/70962/page-timeline/,https://www.youtube.com/watch?v=BLsafyzBMBg,https://www.youtube.com/watch?v=BLsafyzBMBg,,,,
250817,HLE vs GEN,2,30:35,https://gol.gg//game/stats/70962/page-summary/,70963,https://gol.gg/game/stats/70963/page-timeline/,https://www.youtube.com/watch?v=BLsafyzBMBg,https://www.youtube.com/watch?v=BLsafyzBMBg,,,,
250817,HLE vs GEN,3,28:13,https://gol.gg//game/stats/70962/page-summary/,70964,https://gol.gg/game/stats/70964/page-timeline/,https://www.youtube.com/watch?v=BLsafyzBMBg,https://www.youtube.com/watch?v=BLsafyzBMBg,,,,
250820,GEN vs NS,1,35:15,https://gol.gg//game/stats/71378/page-summary/,71378,https://gol.gg/game/stats/71378/page-timeline/,https://www.youtube.com/watch?v=WIrnmExvXGM,https://www.youtube.com/watch?v=WIrnmExvXGM,,,,
250820,GEN vs NS,2,32:01,https://gol.gg//game/stats/71378/page-summary/,71379,https://gol.gg/game/stats/71379/page-timeline/,https://www.youtube.com/watch?v=WIrnmExvXGM,https://www.youtube.com/watch?v=WIrnmExvXGM,,,,
250820,DRX vs DNF,1,35:01,https://gol.gg//game/stats/71375/page-summary/,71375,https://gol.gg/game/stats/71375/page-timeline/,https://www.youtube.com/watch?v=WIrnmExvXGM,https://www.youtube.com/watch?v=WIrnmExvXGM,,,,
250820,DRX vs DNF,2,40:36,https://gol.gg//game/stats/71375/page-summary/,71376,https://gol.gg/game/stats/71376/page-timeline/,https://www.youtube.com/watch?v=WIrnmExvXGM,https://www.youtube.com/watch?v=WIrnmExvXGM,,,,
250821,BRO vs BFX,1,29:21,https://gol.gg//game/stats/71384/page-summary/,71384,https://gol.gg/game/stats/71384/page-timeline/,https://www.youtube.com/watch?v=buTnOk94goA,https://www.youtube.com/watch?v=buTnOk94goA,,,,
250821,BRO vs BFX,2,30:07,https://gol.gg//game/stats/71384/page-summary/,71385,https://gol.gg/game/stats/71385/page-timeline/,https://www.youtube.com/watch?v=buTnOk94goA,https://www.youtube.com/watch?v=buTnOk94goA,,,,
250821,BRO vs BFX,3,28:24,https://gol.gg//game/stats/71384/page-summary/,71386,https://gol.gg/game/stats/71386/page-timeline/,https://www.youtube.com/watch?v=buTnOk94goA,https://www.youtube.com/watch?v=buTnOk94goA,,,,
250821,KT vs HLE,1,39:31,https://gol.gg//game/stats/71381/page-summary/,71381,https://gol.gg/game/stats/71381/page-timeline/,https://www.youtube.com/watch?v=buTnOk94goA,https://www.youtube.com/watch?v=buTnOk94goA,,,,
250821,KT vs HLE,2,39:24,https://gol.gg//game/stats/71381/page-summary/,71382,https://gol.gg/game/stats/71382/page-timeline/,https://www.youtube.com/watch?v=buTnOk94goA,https://www.youtube.com/watch?v=buTnOk94goA,,,,
250821,KT vs HLE,3,35:06,https://gol.gg//game/stats/71381/page-summary/,71383,https://gol.gg/game/stats/71383/page-timeline/,https://www.youtube.com/watch?v=buTnOk94goA,https://www.youtube.com/watch?v=buTnOk94goA,,,,
250822,DK vs DRX,1,39:01,https://gol.gg//game/stats/71390/page-summary/,71390,https://gol.gg/game/stats/71390/page-timeline/,https://www.youtube.com/watch?v=z310sovrR5c,https://www.youtube.com/watch?v=z310sovrR5c,,,,
250822,DK vs DRX,2,32:18,https://gol.gg//game/stats/71390/page-summary/,71391,https://gol.gg/game/stats/71391/page-timeline/,https://www.youtube.com/watch?v=z310sovrR5c,https://www.youtube.com/watch?v=z310sovrR5c,,,,
250822,DK vs DRX,3,50:27,https://gol.gg//game/stats/71390/page-summary/,71392,https://gol.gg/game/stats/71392/page-timeline/,https://www.youtube.com/watch?v=z310sovrR5c,https://www.youtube.com/watch?v=z310sovrR5c,,,,
250822,NS vs T1,1,29:28,https://gol.gg//game/stats/71387/page-summary/,71387,https://gol.gg/game/stats/71387/page-timeline/,https://www.youtube.com/watch?v=z310sovrR5c,https://www.youtube.com/watch?v=z310sovrR5c,,,,
250822,NS vs T1,2,28:54,https://gol.gg//game/stats/71387/page-summary/,71388,https://gol.gg/game/stats/71388/page-timeline/,https://www.youtube.com/watch?v=z310sovrR5c,https://www.youtube.com/watch?v=z310sovrR5c,,,,
250822,NS vs T1,3,26:18,https://gol.gg//game/stats/71387/page-summary/,71389,https://gol.gg/game/stats/71389/page-timeline/,https://www.youtube.com/watch?v=z310sovrR5c,https://www.youtube.com/watch?v=z310sovrR5c,,,,
250823,BRO vs DNF,1,31:36,https://gol.gg//game/stats/71396/page-summary/,71396,https://gol.gg/game/stats/71396/page-timeline/,https://www.youtube.com/watch?v=AUwWNaiz_n4,https://www.youtube.com/watch?v=AUwWNaiz_n4,,,,
250823,BRO vs DNF,2,41:12,https://gol.gg//game/stats/71396/page-summary/,71397,https://gol.gg/game/stats/71397/page-timeline/,https://www.youtube.com/watch?v=AUwWNaiz_n4,https://www.youtube.com/watch?v=AUwWNaiz_n4,,,,
250823,BRO vs DNF,3,30:51,https://gol.gg//game/stats/71396/page-summary/,71398,https://gol.gg/game/stats/71398/page-timeline/,https://www.youtube.com/watch?v=AUwWNaiz_n4,https://www.youtube.com/watch?v=AUwWNaiz_n4,,,,
250823,HLE vs GEN,1,33:08,https://gol.gg//game/stats/71393/page-summary/,71393,https://gol.gg/game/stats/71393/page-timeline/,https://www.youtube.com/watch?v=AUwWNaiz_n4,https://www.youtube.com/watch?v=AUwWNaiz_n4,,,,
250823,HLE vs GEN,2,33:00,https://gol.gg//game/stats/71393/page-summary/,71394,https://gol.gg/game/stats/71394/page-timeline/,https://www.youtube.com/watch?v=AUwWNaiz_n4,https://www.youtube.com/watch?v=AUwWNaiz_n4,,,,
250823,HLE vs GEN,3,33:01,https://gol.gg//game/stats/71393/page-summary/,71395,https://gol.gg/game/stats/71395/page-timeline/,https://www.youtube.com/watch?v=AUwWNaiz_n4,https://www.youtube.com/watch?v=AUwWNaiz_n4,,,,
250824,KT vs T1,1,41:29,https://gol.gg//game/stats/71402/page-summary/,71402,https://gol.gg/game/stats/71402/page-timeline/,https://www.youtube.com/watch?v=76BGsYeNH2c,https://www.youtube.com/watch?v=76BGsYeNH2c,,,,
250824,KT vs T1,2,27:38,https://gol.gg//game/stats/71402/page-summary/,71403,https://gol.gg/game/stats/71403/page-timeline/,https://www.youtube.com/watch?v=76BGsYeNH2c,https://www.youtube.com/watch?v=76BGsYeNH2c,,,,
250824,BFX vs DK,1,35:58,https://gol.gg//game/stats/71399/page-summary/,71399,https://gol.gg/game/stats/71399/page-timeline/,https://www.youtube.com/watch?v=76BGsYeNH2c,https://www.youtube.com/watch?v=76BGsYeNH2c,,,,
250824,BFX vs DK,2,35:51,https://gol.gg//game/stats/71399/page-summary/,71400,https://gol.gg/game/stats/71400/page-timeline/,https://www.youtube.com/watch?v=76BGsYeNH2c,https://www.youtube.com/watch?v=76BGsYeNH2c,,,,
250827,DNF vs BFX,1,33:53,https://gol.gg//game/stats/71670/page-summary/,71670,https://gol.gg/game/stats/71670/page-timeline/,https://www.youtube.com/watch?v=3gQNOBS2hHo,https://www.youtube.com/watch?v=3gQNOBS2hHo,,,,
250827,DNF vs BFX,2,30:21,https://gol.gg//game/stats/71670/page-summary/,71671,https://gol.gg/game/stats/71671/page-timeline/,https://www.youtube.com/watch?v=3gQNOBS2hHo,https://www.youtube.com/watch?v=3gQNOBS2hHo,,,,
250827,T1 vs HLE,1,27:54,https://gol.gg//game/stats/71667/page-summary/,71667,https://gol.gg/game/stats/71667/page-timeline/,https://www.youtube.com/watch?v=3gQNOBS2hHo,https://www.youtube.com/watch?v=3gQNOBS2hHo,,,,
250827,T1 vs HLE,2,47:09,https://gol.gg//game/stats/71667/page-summary/,71668,https://gol.gg/game/stats/71668/page-timeline/,https://www.youtube.com/watch?v=3gQNOBS2hHo,https://www.youtube.com/watch?v=3gQNOBS2hHo,,,,
250827,T1 vs HLE,3,27:30,https://gol.gg//game/stats/71667/page-summary/,71669,https://gol.gg/game/stats/71669/page-timeline/,https://www.youtube.com/watch?v=3gQNOBS2hHo,https://www.youtube.com/watch?v=3gQNOBS2hHo,,,,
250828,GEN vs KT,1,36:22,https://gol.gg//game/stats/71676/page-summary/,71676,https://gol.gg/game/stats/71676/page-timeline/,https://www.youtube.com/watch?v=3yF7FIRW9WI,https://www.youtube.com/watch?v=3yF7FIRW9WI,,,,
250828,GEN vs KT,2,29:27,https://gol.gg//game/stats/71676/page-summary/,71677,https://gol.gg/game/stats/71677/page-timeline/,https://www.youtube.com/watch?v=3yF7FIRW9WI,https://www.youtube.com/watch?v=3yF7FIRW9WI,,,,
250828,DK vs BRO,1,30:07,https://gol.gg//game/stats/71673/page-summary/,71673,https://gol.gg/game/stats/71673/page-timeline/,https://www.youtube.com/watch?v=3yF7FIRW9WI,https://www.youtube.com/watch?v=3yF7FIRW9WI,,,,
250828,DK vs BRO,2,25:17,https://gol.gg//game/stats/71673/page-summary/,71674,https://gol.gg/game/stats/71674/page-timeline/,https://www.youtube.com/watch?v=3yF7FIRW9WI,https://www.youtube.com/watch?v=3yF7FIRW9WI,,,,
250829,HLE vs NS,1,34:22,https://gol.gg//game/stats/71682/page-summary/,71682,https://gol.gg/game/stats/71682/page-timeline/,https://www.youtube.com/watch?v=_0fZO0LoEQo,https://www.youtube.com/watch?v=_0fZO0LoEQo,,,,
250829,HLE vs NS,2,26:22,https://gol.gg//game/stats/71682/page-summary/,71683,https://gol.gg/game/stats/71683/page-timeline/,https://www.youtube.com/watch?v=_0fZO0LoEQo,https://www.youtube.com/watch?v=_0fZO0LoEQo,,,,
250829,BFX vs DRX,1,32:02,https://gol.gg//game/stats/71679/page-summary/,71679,https://gol.gg/game/stats/71679/page-timeline/,https://www.youtube.com/watch?v=_0fZO0LoEQo,https://www.youtube.com/watch?v=_0fZO0LoEQo,,,,
250829,BFX vs DRX,2,28:16,https://gol.gg//game/stats/71679/page-summary/,71680,https://gol.gg/game/stats/71680/page-timeline/,https://www.youtube.com/watch?v=_0fZO0LoEQo,https://www.youtube.com/watch?v=_0fZO0LoEQo,,,,
250829,BFX vs DRX,3,31:59,https://gol.gg//game/stats/71679/page-summary/,71681,https://gol.gg/game/stats/71681/page-timeline/,https://www.youtube.com/watch?v=_0fZO0LoEQo,https://www.youtube.com/watch?v=_0fZO0LoEQo,,,,
250830,DNF vs DK,1,38:41,https://gol.gg//game/stats/71688/page-summary/,71688,https://gol.gg/game/stats/71688/page-timeline/,https://www.youtube.com/watch?v=5NYwKQiMdBY,https://www.youtube.com/watch?v=5NYwKQiMdBY,,,,
250830,DNF vs DK,2,28:21,https://gol.gg//game/stats/71688/page-summary/,71689,https://gol.gg/game/stats/71689/page-timeline/,https://www.youtube.com/watch?v=5NYwKQiMdBY,https://www.youtube.com/watch?v=5NYwKQiMdBY,,,,
250830,DNF vs DK,3,32:10,https://gol.gg//game/stats/71688/page-summary/,71690,https://gol.gg/game/stats/71690/page-timeline/,https://www.youtube.com/watch?v=5NYwKQiMdBY,https://www.youtube.com/watch?v=5NYwKQiMdBY,,,,
250830,T1 vs GEN,1,39:41,https://gol.gg//game/stats/71685/page-summary/,71685,https://gol.gg/game/stats/71685/page-timeline/,https://www.youtube.com/watch?v=5NYwKQiMdBY,https://www.youtube.com/watch?v=5NYwKQiMdBY,,,,
250830,T1 vs GEN,2,23:49,https://gol.gg//game/stats/71685/page-summary/,71686,https://gol.gg/game/stats/71686/page-timeline/,https://www.youtube.com/watch?v=5NYwKQiMdBY,https://www.youtube.com/watch?v=5NYwKQiMdBY,,,,
250830,T1 vs GEN,3,33:23,https://gol.gg//game/stats/71685/page-summary/,71687,https://gol.gg/game/stats/71687/page-timeline/,https://www.youtube.com/watch?v=5NYwKQiMdBY,https://www.youtube.com/watch?v=5NYwKQiMdBY,,,,
250831,DRX vs BRO,1,28:52,https://gol.gg//game/stats/71694/page-summary/,71694,https://gol.gg/game/stats/71694/page-timeline/,https://www.youtube.com/watch?v=96SrdSQgbyk,https://www.youtube.com/watch?v=96SrdSQgbyk,,,,
250831,DRX vs BRO,2,30:33,https://gol.gg//game/stats/71694/page-summary/,71695,https://gol.gg/game/stats/71695/page-timeline/,https://www.youtube.com/watch?v=96SrdSQgbyk,https://www.youtube.com/watch?v=96SrdSQgbyk,,,,
250831,DRX vs BRO,3,45:02,https://gol.gg//game/stats/71694/page-summary/,71696,https://gol.gg/game/stats/71696/page-timeline/,https://www.youtube.com/watch?v=96SrdSQgbyk,https://www.youtube.com/watch?v=96SrdSQgbyk,,,,
250831,NS vs KT,1,32:19,https://gol.gg//game/stats/71691/page-summary/,71691,https://gol.gg/game/stats/71691/page-timeline/,https://www.youtube.com/watch?v=96SrdSQgbyk,https://www.youtube.com/watch?v=96SrdSQgbyk,,,,
250831,NS vs KT,2,28:45,https://gol.gg//game/stats/71691/page-summary/,71692,https://gol.gg/game/stats/71692/page-timeline/,https://www.youtube.com/watch?v=96SrdSQgbyk,https://www.youtube.com/watch?v=96SrdSQgbyk,,,,
250903,NS vs BRO,1,24:47,https://gol.gg//game/stats/72024/page-summary/,72024,https://gol.gg/game/stats/72024/page-timeline/,https://www.youtube.com/watch?v=tjqNwOmijCw,https://www.youtube.com/watch?v=tjqNwOmijCw,,,,
250903,NS vs BRO,2,30:55,https://gol.gg//game/stats/72024/page-summary/,72025,https://gol.gg/game/stats/72025/page-timeline/,https://www.youtube.com/watch?v=tjqNwOmijCw,https://www.youtube.com/watch?v=tjqNwOmijCw,,,,
250903,NS vs BRO,3,27:10,https://gol.gg//game/stats/72024/page-summary/,72026,https://gol.gg/game/stats/72026/page-timeline/,https://www.youtube.com/watch?v=tjqNwOmijCw,https://www.youtube.com/watch?v=tjqNwOmijCw,,,,
250903,NS vs BRO,4,28:45,https://gol.gg//game/stats/72024/page-summary/,72027,https://gol.gg/game/stats/72027/page-timeline/,https://www.youtube.com/watch?v=tjqNwOmijCw,https://www.youtube.com/watch?v=tjqNwOmijCw,,,,
250903,NS vs BRO,5,26:23,https://gol.gg//game/stats/72024/page-summary/,72028,https://gol.gg/game/stats/72028/page-timeline/,https://www.youtube.com/watch?v=tjqNwOmijCw,https://www.youtube.com/watch?v=tjqNwOmijCw,,,,
250904,DK vs BFX,1,30:27,https://gol.gg//game/stats/72029/page-summary/,72029,https://gol.gg/game/stats/72029/page-timeline/,https://www.youtube.com/watch?v=RcCrDvbvgjs,https://www.youtube.com/watch?v=RcCrDvbvgjs,,,,
250904,DK vs BFX,2,28:04,https://gol.gg//game/stats/72029/page-summary/,72030,https://gol.gg/game/stats/72030/page-timeline/,https://www.youtube.com/watch?v=RcCrDvbvgjs,https://www.youtube.com/watch?v=RcCrDvbvgjs,,,,
250904,DK vs BFX,3,27:23,https://gol.gg//game/stats/72029/page-summary/,72031,https://gol.gg/game/stats/72031/page-timeline/,https://www.youtube.com/watch?v=RcCrDvbvgjs,https://www.youtube.com/watch?v=RcCrDvbvgjs,,,,
250904,DK vs BFX,4,38:01,https://gol.gg//game/stats/72029/page-summary/,72032,https://gol.gg/game/stats/72032/page-timeline/,https://www.youtube.com/watch?v=RcCrDvbvgjs,https://www.youtube.com/watch?v=RcCrDvbvgjs,,,,
250904,DK vs BFX,5,30:57,https://gol.gg//game/stats/72029/page-summary/,72033,https://gol.gg/game/stats/72033/page-timeline/,https://www.youtube.com/watch?v=RcCrDvbvgjs,https://www.youtube.com/watch?v=RcCrDvbvgjs,,,,
250905,NS vs BFX,1,28:52,https://gol.gg//game/stats/72194/page-summary/,72194,https://gol.gg/game/stats/72194/page-timeline/,https://www.youtube.com/watch?v=e2BqqTzznx8,https://www.youtube.com/watch?v=e2BqqTzznx8,,,,
250905,NS vs BFX,2,28:30,https://gol.gg//game/stats/72194/page-summary/,72195,https://gol.gg/game/stats/72195/page-timeline/,https://www.youtube.com/watch?v=e2BqqTzznx8,https://www.youtube.com/watch?v=e2BqqTzznx8,,,,
250905,NS vs BFX,3,33:13,https://gol.gg//game/stats/72194/page-summary/,72196,https://gol.gg/game/stats/72196/page-timeline/,https://www.youtube.com/watch?v=e2BqqTzznx8,https://www.youtube.com/watch?v=e2BqqTzznx8,,,,
250905,NS vs BFX,4,28:14,https://gol.gg//game/stats/72194/page-summary/,72197,https://gol.gg/game/stats/72197/page-timeline/,https://www.youtube.com/watch?v=e2BqqTzznx8,https://www.youtube.com/watch?v=e2BqqTzznx8,,,,
250906,BRO vs DK,1,32:43,https://gol.gg//game/stats/72199/page-summary/,72199,https://gol.gg/game/stats/72199/page-timeline/,https://www.youtube.com/watch?v=XkRwy2M1Gbo,https://www.youtube.com/watch?v=XkRwy2M1Gbo,,,,
250906,BRO vs DK,2,27:31,https://gol.gg//game/stats/72199/page-summary/,72200,https://gol.gg/game/stats/72200/page-timeline/,https://www.youtube.com/watch?v=XkRwy2M1Gbo,https://www.youtube.com/watch?v=XkRwy2M1Gbo,,,,
250906,BRO vs DK,3,27:39,https://gol.gg//game/stats/72199/page-summary/,72201,https://gol.gg/game/stats/72201/page-timeline/,https://www.youtube.com/watch?v=XkRwy2M1Gbo,https://www.youtube.com/watch?v=XkRwy2M1Gbo,,,,
250906,BRO vs DK,4,27:41,https://gol.gg//game/stats/72199/page-summary/,72202,https://gol.gg/game/stats/72202/page-timeline/,https://www.youtube.com/watch?v=XkRwy2M1Gbo,https://www.youtube.com/watch?v=XkRwy2M1Gbo,,,,
250907,NS vs DK,1,36:50,https://gol.gg//game/stats/72265/page-summary/,72265,https://gol.gg/game/stats/72265/page-timeline/,https://www.youtube.com/watch?v=N2IIb1NVJsY,https://www.youtube.com/watch?v=N2IIb1NVJsY,,,,
250907,NS vs DK,2,33:57,https://gol.gg//game/stats/72265/page-summary/,72266,https://gol.gg/game/stats/72266/page-timeline/,https://www.youtube.com/watch?v=N2IIb1NVJsY,https://www.youtube.com/watch?v=N2IIb1NVJsY,,,,
250907,NS vs DK,3,37:58,https://gol.gg//game/stats/72265/page-summary/,72267,https://gol.gg/game/stats/72267/page-timeline/,https://www.youtube.com/watch?v=N2IIb1NVJsY,https://www.youtube.com/watch?v=N2IIb1NVJsY,,,,
250910,T1 vs DK,1,34:25,https://gol.gg//game/stats/72268/page-summary/,72268,https://gol.gg/game/stats/72268/page-timeline/,https://www.youtube.com/watch?v=zvursCcwrEQ,https://www.youtube.com/watch?v=zvursCcwrEQ,,,,
250910,T1 vs DK,2,34:51,https://gol.gg//game/stats/72268/page-summary/,72269,https://gol.gg/game/stats/72269/page-timeline/,https://www.youtube.com/watch?v=zvursCcwrEQ,https://www.youtube.com/watch?v=zvursCcwrEQ,,,,
250910,T1 vs DK,3,28:03,https://gol.gg//game/stats/72268/page-summary/,72270,https://gol.gg/game/stats/72270/page-timeline/,https://www.youtube.com/watch?v=zvursCcwrEQ,https://www.youtube.com/watch?v=zvursCcwrEQ,,,,
250910,T1 vs DK,4,31:27,https://gol.gg//game/stats/72268/page-summary/,72271,https://gol.gg/game/stats/72271/page-timeline/,https://www.youtube.com/watch?v=zvursCcwrEQ,https://www.youtube.com/watch?v=zvursCcwrEQ,,,,
250910,T1 vs DK,5,28:54,https://gol.gg//game/stats/72268/page-summary/,72272,https://gol.gg/game/stats/72272/page-timeline/,https://www.youtube.com/watch?v=zvursCcwrEQ,https://www.youtube.com/watch?v=zvursCcwrEQ,,,,
250911,KT vs BFX,1,32:20,https://gol.gg//game/stats/72273/page-summary/,72273,https://gol.gg/game/stats/72273/page-timeline/,https://www.youtube.com/watch?v=7RAvW1jZVjc,https://www.youtube.com/watch?v=7RAvW1jZVjc,,,,
250911,KT vs BFX,2,27:33,https://gol.gg//game/stats/72273/page-summary/,72274,https://gol.gg/game/stats/72274/page-timeline/,https://www.youtube.com/watch?v=7RAvW1jZVjc,https://www.youtube.com/watch?v=7RAvW1jZVjc,,,,
250911,KT vs BFX,3,33:00,https://gol.gg//game/stats/72273/page-summary/,72275,https://gol.gg/game/stats/72275/page-timeline/,https://www.youtube.com/watch?v=7RAvW1jZVjc,https://www.youtube.com/watch?v=7RAvW1jZVjc,,,,
250911,KT vs BFX,4,30:07,https://gol.gg//game/stats/72273/page-summary/,72276,https://gol.gg/game/stats/72276/page-timeline/,https://www.youtube.com/watch?v=7RAvW1jZVjc,https://www.youtube.com/watch?v=7RAvW1jZVjc,,,,
250913,GEN vs KT,1,29:08,https://gol.gg//game/stats/72416/page-summary/,72416,https://gol.gg/game/stats/72416/page-timeline/,https://www.youtube.com/watch?v=dcZkv5qaJGw,https://www.youtube.com/watch?v=dcZkv5qaJGw,,,,
250913,GEN vs KT,2,38:32,https://gol.gg//game/stats/72416/page-summary/,72417,https://gol.gg/game/stats/72417/page-timeline/,https://www.youtube.com/watch?v=dcZkv5qaJGw,https://www.youtube.com/watch?v=dcZkv5qaJGw,,,,
250913,GEN vs KT,3,32:49,https://gol.gg//game/stats/72416/page-summary/,72418,https://gol.gg/game/stats/72418/page-timeline/,https://www.youtube.com/watch?v=dcZkv5qaJGw,https://www.youtube.com/watch?v=dcZkv5qaJGw,,,,
250913,GEN vs KT,4,38:02,https://gol.gg//game/stats/72416/page-summary/,72419,https://gol.gg/game/stats/72419/page-timeline/,https://www.youtube.com/watch?v=dcZkv5qaJGw,https://www.youtube.com/watch?v=dcZkv5qaJGw,,,,
250913,GEN vs KT,5,41:41,https://gol.gg//game/stats/72416/page-summary/,72420,https://gol.gg/game/stats/72420/page-timeline/,https://www.youtube.com/watch?v=dcZkv5qaJGw,https://www.youtube.com/watch?v=dcZkv5qaJGw,,,,
250914,HLE vs T1,1,36:10,https://gol.gg//game/stats/72421/page-summary/,72421,https://gol.gg/game/stats/72421/page-timeline/,https://www.youtube.com/watch?v=flD6DyBMbE8,https://www.youtube.com/watch?v=flD6DyBMbE8,,,,
250914,HLE vs T1,2,40:45,https://gol.gg//game/stats/72421/page-summary/,72422,https://gol.gg/game/stats/72422/page-timeline/,https://www.youtube.com/watch?v=flD6DyBMbE8,https://www.youtube.com/watch?v=flD6DyBMbE8,,,,
250914,HLE vs T1,3,30:55,https://gol.gg//game/stats/72421/page-summary/,72423,https://gol.gg/game/stats/72423/page-timeline/,https://www.youtube.com/watch?v=flD6DyBMbE8,https://www.youtube.com/watch?v=flD6DyBMbE8,,,,
250917,DK vs BFX,1,42:26,https://gol.gg//game/stats/72411/page-summary/,72411,https://gol.gg/game/stats/72411/page-timeline/,https://www.youtube.com/watch?v=_lA23P3x3vY,https://www.youtube.com/watch?v=_lA23P3x3vY,,,,
250917,DK vs BFX,2,30:07,https://gol.gg//game/stats/72411/page-summary/,72412,https://gol.gg/game/stats/72412/page-timeline/,https://www.youtube.com/watch?v=_lA23P3x3vY,https://www.youtube.com/watch?v=_lA23P3x3vY,,,,
250917,DK vs BFX,3,29:40,https://gol.gg//game/stats/72411/page-summary/,72413,https://gol.gg/game/stats/72413/page-timeline/,https://www.youtube.com/watch?v=_lA23P3x3vY,https://www.youtube.com/watch?v=_lA23P3x3vY,,,,
250917,DK vs BFX,4,29:07,https://gol.gg//game/stats/72411/page-summary/,72414,https://gol.gg/game/stats/72414/page-timeline/,https://www.youtube.com/watch?v=_lA23P3x3vY,https://www.youtube.com/watch?v=_lA23P3x3vY,,,,
250918,T1 vs DK,1,30:20,https://gol.gg//game/stats/72513/page-summary/,72513,https://gol.gg/game/stats/72513/page-timeline/,https://www.youtube.com/watch?v=n9LrMFXEXKw,https://www.youtube.com/watch?v=n9LrMFXEXKw,,,,
250918,T1 vs DK,2,34:43,https://gol.gg//game/stats/72513/page-summary/,72514,https://gol.gg/game/stats/72514/page-timeline/,https://www.youtube.com/watch?v=n9LrMFXEXKw,https://www.youtube.com/watch?v=n9LrMFXEXKw,,,,
250918,T1 vs DK,3,28:33,https://gol.gg//game/stats/72513/page-summary/,72515,https://gol.gg/game/stats/72515/page-timeline/,https://www.youtube.com/watch?v=n9LrMFXEXKw,https://www.youtube.com/watch?v=n9LrMFXEXKw,,,,
250918,T1 vs DK,4,33:50,https://gol.gg//game/stats/72513/page-summary/,72516,https://gol.gg/game/stats/72516/page-timeline/,https://www.youtube.com/watch?v=n9LrMFXEXKw,https://www.youtube.com/watch?v=n9LrMFXEXKw,,,,
250920,KT vs HLE,1,31:00,https://gol.gg//game/stats/72518/page-summary/,72518,https://gol.gg/game/stats/72518/page-timeline/,https://www.youtube.com/watch?v=jJ0npVOdLnI,https://www.youtube.com/watch?v=jJ0npVOdLnI,,,,
250920,KT vs HLE,2,31:28,https://gol.gg//game/stats/72518/page-summary/,72519,https://gol.gg/game/stats/72519/page-timeline/,https://www.youtube.com/watch?v=jJ0npVOdLnI,https://www.youtube.com/watch?v=jJ0npVOdLnI,,,,
250920,KT vs HLE,3,28:09,https://gol.gg//game/stats/72518/page-summary/,72520,https://gol.gg/game/stats/72520/page-timeline/,https://www.youtube.com/watch?v=jJ0npVOdLnI,https://www.youtube.com/watch?v=jJ0npVOdLnI,,,,
250921,GEN vs T1,1,35:59,https://gol.gg//game/stats/72526/page-summary/,72526,https://gol.gg/game/stats/72526/page-timeline/,https://www.youtube.com/watch?v=u4XS_GvMJuI,https://www.youtube.com/watch?v=u4XS_GvMJuI,,,,
250921,GEN vs T1,2,28:40,https://gol.gg//game/stats/72526/page-summary/,72527,https://gol.gg/game/stats/72527/page-timeline/,https://www.youtube.com/watch?v=u4XS_GvMJuI,https://www.youtube.com/watch?v=u4XS_GvMJuI,,,,
250921,GEN vs T1,3,33:32,https://gol.gg//game/stats/72526/page-summary/,72528,https://gol.gg/game/stats/72528/page-timeline/,https://www.youtube.com/watch?v=u4XS_GvMJuI,https://www.youtube.com/watch?v=u4XS_GvMJuI,,,,
250921,GEN vs T1,4,28:07,https://gol.gg//game/stats/72526/page-summary/,72529,https://gol.gg/game/stats/72529/page-timeline/,https://www.youtube.com/watch?v=u4XS_GvMJuI,https://www.youtube.com/watch?v=u4XS_GvMJuI,,,,
250921,GEN vs T1,5,32:13,https://gol.gg//game/stats/72526/page-summary/,72530,https://gol.gg/game/stats/72530/page-timeline/,https://www.youtube.com/watch?v=u4XS_GvMJuI,https://www.youtube.com/watch?v=u4XS_GvMJuI,,,,
250927,KT vs GEN,1,33:04,https://gol.gg//game/stats/72551/page-summary/,72551,https://gol.gg/game/stats/72551/page-timeline/,https://www.youtube.com/watch?v=hOP8kjrrm3I,https://www.youtube.com/watch?v=hOP8kjrrm3I,,,,
250927,KT vs GEN,2,28:53,https://gol.gg//game/stats/72551/page-summary/,72552,https://gol.gg/game/stats/72552/page-timeline/,https://www.youtube.com/watch?v=hOP8kjrrm3I,https://www.youtube.com/watch?v=hOP8kjrrm3I,,,,
250927,KT vs GEN,3,30:12,https://gol.gg//game/stats/72551/page-summary/,72553,https://gol.gg/game/stats/72553/page-timeline/,https://www.youtube.com/watch?v=hOP8kjrrm3I,https://www.youtube.com/watch?v=hOP8kjrrm3I,,,,
250928,HLE vs GEN,1,30:34,https://gol.gg//game/stats/72638/page-summary/,72638,https://gol.gg/game/stats/72638/page-timeline/,https://www.youtube.com/watch?v=UDhayyRQh7o,https://www.youtube.com/watch?v=UDhayyRQh7o,,,,
250928,HLE vs GEN,2,39:41,https://gol.gg//game/stats/72638/page-summary/,72639,https://gol.gg/game/stats/72639/page-timeline/,https://www.youtube.com/watch?v=UDhayyRQh7o,https://www.youtube.com/watch?v=UDhayyRQh7o,,,,
250928,HLE vs GEN,3,28:56,https://gol.gg//game/stats/72638/page-summary/,72640,https://gol.gg/game/stats/72640/page-timeline/,https://www.youtube.com/watch?v=UDhayyRQh7o,https://www.youtube.com/watch?v=UDhayyRQh7o,,,,
250928,HLE vs GEN,4,42:21,https://gol.gg//game/stats/72638/page-summary/,72641,https://gol.gg/game/stats/72641/page-timeline/,https://www.youtube.com/watch?v=UDhayyRQh7o,https://www.youtube.com/watch?v=UDhayyRQh7o,,,,
